2026-09-11 16:01:07,843 [main] INFO  c.d.canton.CantonCommunityApp$ - Starting Canton version 3.4.11
2026-09-11 16:01:10,359 [main] INFO  c.d.canton.CantonCommunityApp$ - Config path 'http-ledger-api.server' is deprecated since 3.4.0
2026-09-11 16:01:10,363 [main] INFO  c.d.canton.CantonCommunityApp$ - Config field at http-ledger-api.server is deprecated. Please use the following path(s) instead: http-ledger-api.
2026-09-11 16:01:10,687 [main] INFO  c.d.canton.CantonCommunityApp$ - Starting up with resolved config
mediators {
    mediator1 {
        admin-api {
            port=6869
        }
    }
}
parameters {
    ports-file="/var/folders/1d/d4nnm45165j1x3mjmklv49900000gp/T/extra-dir-89882256047/canton-portfile.json"
}
participants {
    sandbox {
        admin-api {
            port=6866
        }
        http-ledger-api {
            server {
                port=7575
            }
        }
        ledger-api {
            port=6865
            user-management-service {
                enabled=true
            }
        }
        storage {
            type=memory
        }
    }
}
sequencers {
    sequencer1 {
        admin-api {
            port=6868
        }
        public-api {
            port=6867
        }
        sequencer {
            config {
                storage {
                    type=memory
                }
            }
            type=reference
        }
        storage {
            type=memory
        }
    }
}

2026-09-11 16:01:10,902 [main] INFO  c.d.canton.environment.Environment - Deriving 4 as number of threads from 'sys.runtime.availableProcessors()'. Please use '-Dscala.concurrent.context.numThreads' to override.
2026-09-11 16:01:11,410 [canton-env-ec-29] INFO  o.a.pekko.event.slf4j.Slf4jLogger - Slf4jLogger started
2026-09-11 16:01:11,747 [main] INFO  c.d.canton.environment.Environment tid:e8c5d803af38d95faf0c8bf44ef59aaa - Automatically starting all instances
2026-09-11 16:01:11,823 [main] INFO  c.d.c.environment.SequencerNodes tid:e8c5d803af38d95faf0c8bf44ef59aaa - Starting node sequencer1
2026-09-11 16:01:11,855 [canton-env-ec-32] INFO  c.d.c.t.OpenTelemetryFactory$ - Initializing open telemetry with trace-exporter=Disabled, metrics-enabled=false
2026-09-11 16:01:12,150 [canton-env-ec-31] INFO  c.d.c.s.s.SequencerNodeBootstrap:sequencer=sequencer1 - 'sequencer' is now in state ServingStatus(status = 'SERVING'). Previous state was ServingStatus(status = 'NOT_SERVING').
2026-09-11 16:01:13,510 [canton-env-ec-29] INFO  c.d.c.c.Crypto:sequencer=sequencer1 - 'crypto' is now in state Ok(). Previous state was Not Initialized.
2026-09-11 16:01:13,568 [canton-env-ec-29] INFO  c.d.c.e.CantonNodeBootstrapImpl$SetupAdminApi:sequencer=sequencer1 - Starting admin-api services on AdminServerConfig(127.0.0.1,Some(6868),None,None,Some(BasicKeepAliveServerConfig(40s,20s,20s,false)),10485760,List(),AdminTokenConfig(None,5m,false,false),5m,JwksCacheConfig(1000,5m,10s,10s),None)
2026-09-11 16:01:15,591 [canton-env-ec-30] INFO  c.d.c.e.CantonNodeBootstrapImpl$SetupNodeId:sequencer=sequencer1 - Auto-initialized with uid=sequencer1::1220cdcac772...
2026-09-11 16:01:16,430 [canton-env-ec-29] INFO  c.d.c.t.p.TopologyStateProcessorOld:sequencer=sequencer1/store=Authorized - Storing topology transaction 1/1 TxHash(SHA-256:2eeb322f4f3d...) with ts=EffectiveTime(2026-09-11T15:01:16.289738Z), signedBy=Set(1220cdcac772...)
2026-09-11 16:01:16,460 [canton-env-ec-31] INFO  c.d.c.t.p.TopologyStateProcessorOld:sequencer=sequencer1/store=Authorized - Persisted topology transactions (SequencedTime(2026-09-11T15:01:16.289738Z), EffectiveTime(2026-09-11T15:01:16.289738Z)):
ValidatedTopologyTransaction(
  SignedTopologyTransaction(
    TopologyTransaction(
      NamespaceDelegation(1220cdcac772..., SigningPublicKey(id = 1220cdcac772..., format = DER-encoded X.509 SubjectPublicKeyInfo, keySpec = EC-Curve25519, usage = namespace), CanSignAllMappings),
      serial = 1,
      operation = Replace,
      hash = SHA-256:2eeb322f4f3d...
    ),
    signatures = 1220cdcac772...
  )
)
2026-09-11 16:01:16,570 [canton-env-ec-30] INFO  c.d.c.t.p.TopologyStateProcessorOld:sequencer=sequencer1/store=Authorized - Storing topology transaction 1/1 TxHash(SHA-256:9653666f8d53...) with ts=EffectiveTime(2026-09-11T15:01:16.530588Z), signedBy=Set(1220cdcac772..., 1220af9fd547..., 12208c5284e6...)
2026-09-11 16:01:16,576 [canton-env-ec-32] INFO  c.d.c.t.p.TopologyStateProcessorOld:sequencer=sequencer1/store=Authorized - Persisted topology transactions (SequencedTime(2026-09-11T15:01:16.530588Z), EffectiveTime(2026-09-11T15:01:16.530588Z)):
ValidatedTopologyTransaction(
  SignedTopologyTransaction(
    TopologyTransaction(
      OwnerToKeyMapping(
        SEQ::sequencer1::1220cdcac772...,
        List(
          SigningPublicKey(id = 1220af9fd547..., format = DER-encoded X.509 SubjectPublicKeyInfo, keySpec = EC-Curve25519, usage = Set(sequencer-auth, proof-of-ownership)),
          SigningPublicKey(id = 12208c5284e6..., format = DER-encoded X.509 SubjectPublicKeyInfo, keySpec = EC-Curve25519, usage = Set(signing, proof-of-ownership))
        )
      ),
      serial = 1,
      operation = Replace,
      hash = SHA-256:9653666f8d53...
    ),
    signatures = Seq(12208c5284e6..., 1220af9fd547..., 1220cdcac772...)
  )
)
2026-09-11 16:01:16,647 [canton-env-ec-29] INFO  c.d.c.s.s.SequencerNodeBootstrap$WaitForSequencerToSynchronizerInit:sequencer=sequencer1 - Startup succeeded up to stage wait-for-sequencer-to-synchronizer-init, waiting for external input
2026-09-11 16:01:16,652 [canton-env-ec-31] INFO  c.d.c.environment.MediatorNodes tid:e8c5d803af38d95faf0c8bf44ef59aaa - Starting node mediator1
2026-09-11 16:01:16,729 [canton-env-ec-30] INFO  c.d.c.s.m.MediatorNodeBootstrap:mediator=mediator1 - 'mediator' is now in state ServingStatus(status = 'SERVING'). Previous state was ServingStatus(status = 'NOT_SERVING').
2026-09-11 16:01:16,736 [canton-env-ec-30] INFO  c.d.c.c.Crypto:mediator=mediator1 - 'crypto' is now in state Ok(). Previous state was Not Initialized.
2026-09-11 16:01:16,738 [canton-env-ec-30] INFO  c.d.c.e.CantonNodeBootstrapImpl$SetupAdminApi:mediator=mediator1 - Starting admin-api services on AdminServerConfig(127.0.0.1,Some(6869),None,None,Some(BasicKeepAliveServerConfig(40s,20s,20s,false)),10485760,List(),AdminTokenConfig(None,5m,false,false),5m,JwksCacheConfig(1000,5m,10s,10s),None)
2026-09-11 16:01:16,759 [canton-env-ec-30] INFO  c.d.c.e.CantonNodeBootstrapImpl$SetupNodeId:mediator=mediator1 - Auto-initialized with uid=mediator1::12205774a822...
2026-09-11 16:01:16,774 [canton-env-ec-29] INFO  c.d.c.t.p.TopologyStateProcessorOld:mediator=mediator1/store=Authorized - Storing topology transaction 1/1 TxHash(SHA-256:8c49bb55a790...) with ts=EffectiveTime(2026-09-11T15:01:16.769572Z), signedBy=Set(12205774a822...)
2026-09-11 16:01:16,779 [canton-env-ec-29] INFO  c.d.c.t.p.TopologyStateProcessorOld:mediator=mediator1/store=Authorized - Persisted topology transactions (SequencedTime(2026-09-11T15:01:16.769572Z), EffectiveTime(2026-09-11T15:01:16.769572Z)):
ValidatedTopologyTransaction(
  SignedTopologyTransaction(
    TopologyTransaction(
      NamespaceDelegation(12205774a822..., SigningPublicKey(id = 12205774a822..., format = DER-encoded X.509 SubjectPublicKeyInfo, keySpec = EC-Curve25519, usage = namespace), CanSignAllMappings),
      serial = 1,
      operation = Replace,
      hash = SHA-256:8c49bb55a790...
    ),
    signatures = 12205774a822...
  )
)
2026-09-11 16:01:16,801 [canton-env-ec-29] INFO  c.d.c.t.p.TopologyStateProcessorOld:mediator=mediator1/store=Authorized - Storing topology transaction 1/1 TxHash(SHA-256:89c9dbde2b84...) with ts=EffectiveTime(2026-09-11T15:01:16.796764Z), signedBy=Set(12205774a822..., 1220f03f8713..., 1220596defe6...)
2026-09-11 16:01:16,809 [canton-env-ec-29] INFO  c.d.c.t.p.TopologyStateProcessorOld:mediator=mediator1/store=Authorized - Persisted topology transactions (SequencedTime(2026-09-11T15:01:16.796764Z), EffectiveTime(2026-09-11T15:01:16.796764Z)):
ValidatedTopologyTransaction(
  SignedTopologyTransaction(
    TopologyTransaction(
      OwnerToKeyMapping(
        MED::mediator1::12205774a822...,
        List(
          SigningPublicKey(id = 1220f03f8713..., format = DER-encoded X.509 SubjectPublicKeyInfo, keySpec = EC-Curve25519, usage = Set(sequencer-auth, proof-of-ownership)),
          SigningPublicKey(id = 1220596defe6..., format = DER-encoded X.509 SubjectPublicKeyInfo, keySpec = EC-Curve25519, usage = Set(signing, proof-of-ownership))
        )
      ),
      serial = 1,
      operation = Replace,
      hash = SHA-256:89c9dbde2b84...
    ),
    signatures = Seq(12205774a822..., 1220596defe6..., 1220f03f8713...)
  )
)
2026-09-11 16:01:16,829 [canton-env-ec-29] INFO  c.d.c.s.m.MediatorNodeBootstrap$WaitForMediatorToSynchronizerInit:mediator=mediator1 - Startup succeeded up to stage wait-for-mediator-to-synchronizer-init, waiting for external input
2026-09-11 16:01:16,830 [canton-env-ec-29] INFO  c.d.c.environment.ParticipantNodes tid:e8c5d803af38d95faf0c8bf44ef59aaa - Starting node sandbox
2026-09-11 16:01:18,351 [canton-env-ec-31] INFO  c.d.c.p.ParticipantNodeBootstrap:participant=sandbox - 'participant' is now in state ServingStatus(status = 'SERVING'). Previous state was ServingStatus(status = 'NOT_SERVING').
2026-09-11 16:01:18,359 [canton-env-ec-31] INFO  c.d.c.c.Crypto:participant=sandbox - 'crypto' is now in state Ok(). Previous state was Not Initialized.
2026-09-11 16:01:18,362 [canton-env-ec-31] INFO  c.d.c.e.CantonNodeBootstrapImpl$SetupAdminApi:participant=sandbox - Starting admin-api services on AdminServerConfig(127.0.0.1,Some(6866),None,None,Some(BasicKeepAliveServerConfig(40s,20s,20s,false)),10485760,List(),AdminTokenConfig(None,5m,false,false),5m,JwksCacheConfig(1000,5m,10s,10s),None)
2026-09-11 16:01:18,377 [canton-env-ec-29] INFO  c.d.c.e.CantonNodeBootstrapImpl$SetupNodeId:participant=sandbox - Auto-initialized with uid=sandbox::122038b10468...
2026-09-11 16:01:18,567 [canton-env-ec-32] INFO  c.d.c.p.s.m.MutablePackageMetadataViewImpl:participant=sandbox - Package Metadata View has been initialized (159 ms)
2026-09-11 16:01:18,576 [canton-env-ec-31] INFO  c.d.c.t.p.TopologyStateProcessorOld:participant=sandbox/store=Authorized - Storing topology transaction 1/1 TxHash(SHA-256:72185d12642c...) with ts=EffectiveTime(2026-09-11T15:01:18.573912Z), signedBy=Set(122038b10468...)
2026-09-11 16:01:18,579 [canton-env-ec-31] INFO  c.d.c.t.p.TopologyStateProcessorOld:participant=sandbox/store=Authorized - Persisted topology transactions (SequencedTime(2026-09-11T15:01:18.573912Z), EffectiveTime(2026-09-11T15:01:18.573912Z)):
ValidatedTopologyTransaction(
  SignedTopologyTransaction(
    TopologyTransaction(
      NamespaceDelegation(122038b10468..., SigningPublicKey(id = 122038b10468..., format = DER-encoded X.509 SubjectPublicKeyInfo, keySpec = EC-Curve25519, usage = namespace), CanSignAllMappings),
      serial = 1,
      operation = Replace,
      hash = SHA-256:72185d12642c...
    ),
    signatures = 122038b10468...
  )
)
2026-09-11 16:01:18,678 [canton-env-ec-30] INFO  c.d.c.t.p.TopologyStateProcessorOld:participant=sandbox/store=Authorized - Storing topology transaction 1/1 TxHash(SHA-256:f131e64c7cb8...) with ts=EffectiveTime(2026-09-11T15:01:18.673792Z), signedBy=Set(122038b10468..., 1220e78f230e..., 12201db65b55...)
2026-09-11 16:01:18,681 [canton-env-ec-30] INFO  c.d.c.t.p.TopologyStateProcessorOld:participant=sandbox/store=Authorized - Persisted topology transactions (SequencedTime(2026-09-11T15:01:18.673792Z), EffectiveTime(2026-09-11T15:01:18.673792Z)):
ValidatedTopologyTransaction(
  SignedTopologyTransaction(
    TopologyTransaction(
      OwnerToKeyMapping(
        PAR::sandbox::122038b10468...,
        List(
          SigningPublicKey(id = 1220e78f230e..., format = DER-encoded X.509 SubjectPublicKeyInfo, keySpec = EC-Curve25519, usage = Set(sequencer-auth, proof-of-ownership)),
          SigningPublicKey(id = 12201db65b55..., format = DER-encoded X.509 SubjectPublicKeyInfo, keySpec = EC-Curve25519, usage = Set(signing, proof-of-ownership)),
          EncryptionPublicKey(id = 1220d95a954b..., format = DER-encoded X.509 SubjectPublicKeyInfo, keySpec = EC-P256)
        )
      ),
      serial = 1,
      operation = Replace,
      hash = SHA-256:f131e64c7cb8...
    ),
    signatures = Seq(12201db65b55..., 122038b10468..., 1220e78f230e...)
  )
)
2026-09-11 16:01:18,726 [canton-env-ec-30] INFO  c.d.c.p.LifeCycleContainer:participant=sandbox - Initializing next persistent-state
2026-09-11 16:01:18,777 [canton-env-ec-29] INFO  c.d.c.p.l.a.LedgerApiStore$:participant=sandbox - Creating ledger API storage num-ledger-api: 2
2026-09-11 16:01:18,983 [canton-env-ec-30] INFO  c.d.c.p.s.b.VerifiedDataSource$:participant=sandbox - Attempting to connect to the database (attempt 1/600)
2026-09-11 16:01:19,854 [canton-env-ec-31] INFO  c.d.c.p.s.FlywayMigrations:participant=sandbox - Running Flyway migration...
2026-09-11 16:01:20,016 [canton-env-ec-31] INFO  org.flywaydb.core.FlywayExecutor - Database: jdbc:h2:mem:ledger_api_sandbox122038b104682a36574185fc89869151cd5ec99ef7962f2eadbce8dda1e389167878_be60cba63d09459088fea37a1e00d8d3 (H2 2.2)
2026-09-11 16:01:20,071 [canton-env-ec-31] INFO  o.f.c.i.s.JdbcTableSchemaHistory - Schema history table "PUBLIC"."flyway_schema_history" does not exist yet
2026-09-11 16:01:20,111 [canton-env-ec-31] INFO  o.f.c.i.s.JdbcTableSchemaHistory - Schema history table "PUBLIC"."flyway_schema_history" does not exist yet
2026-09-11 16:01:20,113 [canton-env-ec-31] INFO  o.f.c.internal.command.DbValidate - Successfully validated 4 migrations (execution time 00:00.007s)
2026-09-11 16:01:20,119 [canton-env-ec-31] INFO  o.f.c.i.s.JdbcTableSchemaHistory - Creating Schema History table "PUBLIC"."flyway_schema_history" ...
2026-09-11 16:01:20,162 [canton-env-ec-31] INFO  o.f.core.internal.command.DbMigrate - Current version of schema "PUBLIC": << Empty Schema >>
2026-09-11 16:01:20,234 [canton-env-ec-31] INFO  o.f.core.internal.command.DbMigrate - Migrating schema "PUBLIC" to version "1.1 - initial"
2026-09-11 16:01:20,379 [canton-env-ec-31] INFO  o.f.core.internal.command.DbMigrate - Migrating schema "PUBLIC" to version "2 - lapi 3.0"
2026-09-11 16:01:20,440 [canton-env-ec-31] INFO  o.f.core.internal.command.DbMigrate - Migrating schema "PUBLIC" to version "3.0 - topology cache add index"
2026-09-11 16:01:20,445 [canton-env-ec-31] INFO  o.f.core.internal.command.DbMigrate - Migrating schema "PUBLIC" to version "4.0 - commitment pruning add index"
2026-09-11 16:01:20,469 [canton-env-ec-31] INFO  o.f.core.internal.command.DbMigrate - Successfully applied 4 migrations to schema "PUBLIC", now at version v4.0 (execution time 00:00.167s)
2026-09-11 16:01:20,469 [canton-env-ec-31] INFO  c.d.c.p.s.FlywayMigrations:participant=sandbox - Flyway schema migration finished successfully, applying 4 steps.
2026-09-11 16:01:20,487 [canton-env-ec-31] INFO  c.d.c.p.s.b.VerifiedDataSource$:participant=sandbox - Attempting to connect to the database (attempt 1/600)
2026-09-11 16:01:20,514 [canton-env-ec-32] INFO  com.zaxxer.hikari.HikariDataSource - daml.index.db.connection.api-server - Starting...
2026-09-11 16:01:20,529 [canton-env-ec-32] INFO  com.zaxxer.hikari.pool.HikariPool - daml.index.db.connection.api-server - Added connection conn8: url=jdbc:h2:mem:ledger_api_sandbox122038b104682a36574185fc89869151cd5ec99ef7962f2eadbce8dda1e389167878_be60cba63d09459088fea37a1e00d8d3 user=
2026-09-11 16:01:20,532 [canton-env-ec-32] INFO  com.zaxxer.hikari.HikariDataSource - daml.index.db.connection.api-server - Start completed.
2026-09-11 16:01:20,631 [canton-env-ec-31] INFO  c.d.c.p.LifeCycleContainer:participant=sandbox - Next persistent-state initialized (com.digitalasset.canton.participant.store.ParticipantNodePersistentState@28edad1c)
2026-09-11 16:01:20,676 [canton-env-ec-32] INFO  c.d.c.p.LifeCycleContainer:participant=sandbox - Initializing next indexer
2026-09-11 16:01:20,689 [canton-env-ec-32] INFO  c.d.c.p.l.a.LedgerApiIndexer$:participant=sandbox - Creating Ledger API Indexer storage, num-indexer: 16
2026-09-11 16:01:20,864 [canton-env-ec-31] INFO  c.d.c.u.PekkoUtil$RecoveringFutureQueueImpl:participant=sandbox - Initializing consumer...
2026-09-11 16:01:20,872 [canton-env-ec-32] INFO  c.d.c.p.i.p.InitializeParallelIngestion:participant=sandbox - Attempting to initialize with participant ID sandbox::122038b104682a36574185fc89869151cd5ec99ef7962f2eadbce8dda1e389167878
2026-09-11 16:01:20,875 [daml.participant.api.index.db.threadpool.connection.api-server-0] INFO  c.d.c.p.s.b.c.ParameterStorageBackendImpl:participant=sandbox - Initializing new database for participantId 'sandbox::122038b104682a36574185fc89869151cd5ec99ef7962f2eadbce8dda1e389167878'
2026-09-11 16:01:20,976 [daml.participant.api.index.db.threadpool.connection.api-server-0] INFO  c.d.c.p.i.p.InitializeParallelIngestion:participant=sandbox - Indexer initialized at None
2026-09-11 16:01:20,977 [daml.participant.api.index.db.threadpool.connection.api-server-0] INFO  c.d.c.p.InMemoryState:participant=sandbox - Initializing participant in-memory state to ledger end: None
2026-09-11 16:01:20,995 [canton-env-ec-32] INFO  c.d.c.p.DispatcherState:participant=sandbox - Started a Ledger API offset dispatcher at initialization offset: None.
2026-09-11 16:01:21,186 [canton-env-ec-32] INFO  c.d.c.p.i.p.ParallelIndexerFactory$:participant=sandbox - Indexer initialized, indexing started.
2026-09-11 16:01:21,188 [canton-env-ec-30] INFO  c.d.c.p.l.a.LedgerApiIndexer$:participant=sandbox - Ledger API Indexer started, initializing recoverable indexing.
2026-09-11 16:01:21,190 [canton-env-ec-32] INFO  c.d.c.u.PekkoUtil$RecoveringFutureQueueImpl:participant=sandbox - Consumer initialized
2026-09-11 16:01:21,192 [canton-env-ec-30] INFO  c.d.c.p.LifeCycleContainer:participant=sandbox - Next indexer initialized (com.digitalasset.canton.participant.ledger.api.LedgerApiIndexer@2f00584e)
2026-09-11 16:01:21,263 [canton-env-ec-30] INFO  c.d.c.p.p.PruningProcessor:participant=sandbox - Pruning status: ParticipantPruningStatus()
2026-09-11 16:01:21,444 [canton-env-ec-31] INFO  c.d.c.p.LifeCycleContainer:participant=sandbox - Initializing next ledger-api-server
2026-09-11 16:01:21,461 [canton-env-ec-31] INFO  c.d.c.p.l.a.LedgerApiServer:participant=sandbox - Starting ledger API server.
2026-09-11 16:01:21,630 [canton-env-ec-29] INFO  c.d.c.p.i.IndexServiceOwner:participant=sandbox - Found existing participant with ID: sandbox::122038b104682a36574185fc89869151cd5ec99ef7962f2eadbce8dda1e389167878`
2026-09-11 16:01:21,631 [canton-env-ec-29] INFO  c.d.c.p.i.IndexServiceOwner:participant=sandbox - Participant in-memory state initialized.
2026-09-11 16:01:21,739 [canton-env-ec-29] INFO  c.d.c.p.a.r.MemoryCheck$:participant=sandbox - Using 'tenured' memory pool G1 Old Gen.  Setting its collection pool threshold to 2147483648
2026-09-11 16:01:22,072 [canton-env-ec-29] INFO  c.d.c.p.a.ApiServiceOwner$:participant=sandbox - Daml-LF Engine supports LF versions: 2.1, 2.2
2026-09-11 16:01:22,513 [canton-env-ec-31] INFO  c.d.c.p.a.LedgerApiService$:participant=sandbox - Listening on 127.0.0.1:6865 over plain text with LedgerApiKeepAliveServerConfig(10m,20s,10s,false).
2026-09-11 16:01:22,515 [canton-env-ec-32] INFO  c.d.c.p.a.ApiServiceOwner$:participant=sandbox - Initialized API server listening to port = 6865 without tls.
2026-09-11 16:01:22,694 [http-json-ledger-api-pekko.actor.default-dispatcher-5] INFO  o.a.pekko.event.slf4j.Slf4jLogger - Slf4jLogger started
2026-09-11 16:01:22,740 [canton-env-ec-30] INFO  c.d.c.h.HttpService:participant=sandbox - Starting JSON API server, context: {instance_uuid -> 'e8259fa8-a501-4cd2-a013-01ee3302f3d4'}
2026-09-11 16:01:29,513 [canton-env-ec-29] INFO  c.d.c.h.HttpApiServer$:participant=sandbox - HTTP JSON API Server started with (address=127.0.0.1, port=7575, portFile=None, pathPrefix=None, wsConfig=None)
2026-09-11 16:01:29,518 [canton-env-ec-31] INFO  c.d.c.p.LifeCycleContainer:participant=sandbox - Next ledger-api-server initialized (com.digitalasset.canton.participant.ledger.api.LedgerApiServer@480a381b)
2026-09-11 16:01:32,808 [canton-env-ec-29] INFO  c.d.c.p.a.s.ApiPackageService:participant=sandbox tid:5dba0756accc339bf5f888e8bf89f337 - Received request for a package status: GetPackageStatusRequest(b70db8369e1c461d5c70f1c86f526a29e9776c655e6ffc2560f95b05ccb8b946)
2026-09-11 16:01:32,808 [canton-env-ec-30] INFO  c.d.c.p.a.s.ApiPackageService:participant=sandbox tid:5dba0756accc339bf5f888e8bf89f337 - Received request for a package status: GetPackageStatusRequest(590736e6f7bc01492007ecb27f3fe75995c19fbd3d41b384aada69619fd4f76c)
2026-09-11 16:01:32,808 [canton-env-ec-32] INFO  c.d.c.p.a.s.ApiPackageService:participant=sandbox tid:5dba0756accc339bf5f888e8bf89f337 - Received request for a package status: GetPackageStatusRequest(99ea07e101ed25cdb8584e072278d8df62e10d72c172bfe1621ba0a51cee61ce)
2026-09-11 16:01:32,812 [canton-env-ec-32] INFO  c.d.c.p.a.s.ApiPackageService:participant=sandbox tid:5dba0756accc339bf5f888e8bf89f337 - Received request for a package status: GetPackageStatusRequest(5aee9b21b8e9a4c4975b5f4c4198e6e6e8469df49e2010820e792f393db870f4)
2026-09-11 16:01:32,812 [canton-env-ec-29] INFO  c.d.c.p.a.s.ApiPackageService:participant=sandbox tid:5dba0756accc339bf5f888e8bf89f337 - Received request for a package status: GetPackageStatusRequest(bde4bd30749e99603e5afa354706608601029e225d4983324d617825b634253a)
2026-09-11 16:01:32,813 [canton-env-ec-30] INFO  c.d.c.p.a.s.ApiPackageService:participant=sandbox tid:5dba0756accc339bf5f888e8bf89f337 - Received request for a package status: GetPackageStatusRequest(f181cd661f7af3a60bdaae4b0285a2a67beb55d6910fc8431dbae21a5825ec0f)
2026-09-11 16:01:32,813 [canton-env-ec-32] INFO  c.d.c.p.a.s.ApiPackageService:participant=sandbox tid:5dba0756accc339bf5f888e8bf89f337 - Received request for a package status: GetPackageStatusRequest(52854220dc199884704958df38befd5492d78384a032fd7558c38f00e3d778a2)
2026-09-11 16:01:32,813 [canton-env-ec-32] INFO  c.d.c.p.a.s.ApiPackageService:participant=sandbox tid:5dba0756accc339bf5f888e8bf89f337 - Received request for a package status: GetPackageStatusRequest(91e167fa7a256f21f990c526a0a0df840e99aeef0e67dc1f5415b0309486de74)
2026-09-11 16:01:32,813 [canton-env-ec-29] INFO  c.d.c.p.a.s.ApiPackageService:participant=sandbox tid:5dba0756accc339bf5f888e8bf89f337 - Received request for a package status: GetPackageStatusRequest(0e4a572ab1fb94744abb02243a6bbed6c78fc6e3c8d3f60c655f057692a62816)
2026-09-11 16:01:32,813 [canton-env-ec-30] INFO  c.d.c.p.a.s.ApiPackageService:participant=sandbox tid:5dba0756accc339bf5f888e8bf89f337 - Received request for a package status: GetPackageStatusRequest(c280cc3ef501d237efa7b1120ca3ad2d196e089ad596b666bed59a85f3c9a074)
2026-09-11 16:01:32,814 [canton-env-ec-30] INFO  c.d.c.p.a.s.ApiPackageService:participant=sandbox tid:5dba0756accc339bf5f888e8bf89f337 - Received request for a package status: GetPackageStatusRequest(e7e0adfa881e7dbbb07da065ae54444da7c4bccebcb8872ab0cb5dcf9f3761ce)
2026-09-11 16:01:32,814 [canton-env-ec-32] INFO  c.d.c.p.a.s.ApiPackageService:participant=sandbox tid:5dba0756accc339bf5f888e8bf89f337 - Received request for a package status: GetPackageStatusRequest(9e70a8b3510d617f8a136213f33d6a903a10ca0eeec76bb06ba55d1ed9680f69)
2026-09-11 16:01:32,814 [canton-env-ec-29] INFO  c.d.c.p.a.s.ApiPackageService:participant=sandbox tid:5dba0756accc339bf5f888e8bf89f337 - Received request for a package status: GetPackageStatusRequest(e5411f3d75f072b944bd88e652112a14a3d409c491fd9a51f5f6eede6d3a3348)
2026-09-11 16:01:32,815 [canton-env-ec-30] INFO  c.d.c.p.a.s.ApiPackageService:participant=sandbox tid:5dba0756accc339bf5f888e8bf89f337 - Received request for a package status: GetPackageStatusRequest(cae345b5500ef6f84645c816f88b9f7a85a9f3c71697984abdf6849f81e80324)
2026-09-11 16:01:32,815 [canton-env-ec-32] INFO  c.d.c.p.a.s.ApiPackageService:participant=sandbox tid:5dba0756accc339bf5f888e8bf89f337 - Received request for a package status: GetPackageStatusRequest(d095a2ccf6dd36b2415adc4fa676f9191ba63cd39828dc5207b36892ec350cbc)
2026-09-11 16:01:32,815 [canton-env-ec-29] INFO  c.d.c.p.a.s.ApiPackageService:participant=sandbox tid:5dba0756accc339bf5f888e8bf89f337 - Received request for a package status: GetPackageStatusRequest(6da1f43a10a179524e840e7288b47bda213339b0552d92e87ae811e52f59fc0e)
2026-09-11 16:01:32,817 [canton-env-ec-32] INFO  c.d.c.p.a.s.ApiPackageService:participant=sandbox tid:5dba0756accc339bf5f888e8bf89f337 - Received request for a package status: GetPackageStatusRequest(c3bb0c5d04799b3f11bad7c3c102963e115cf53da3e4afcbcfd9f06ebd82b4ff)
2026-09-11 16:01:32,818 [canton-env-ec-30] INFO  c.d.c.p.a.s.ApiPackageService:participant=sandbox tid:5dba0756accc339bf5f888e8bf89f337 - Received request for a package status: GetPackageStatusRequest(86d888f34152dae8729900966b44abcb466b9c111699678de58032de601d2b04)
2026-09-11 16:01:32,819 [canton-env-ec-29] INFO  c.d.c.p.a.s.ApiPackageService:participant=sandbox tid:5dba0756accc339bf5f888e8bf89f337 - Received request for a package status: GetPackageStatusRequest(a1fa18133ae48cbb616c4c148e78e661666778c3087d099067c7fe1868cbb3a1)
2026-09-11 16:01:32,819 [canton-env-ec-32] INFO  c.d.c.p.a.s.ApiPackageService:participant=sandbox tid:5dba0756accc339bf5f888e8bf89f337 - Received request for a package status: GetPackageStatusRequest(ee33fb70918e7aaa3d3fc44d64a399fb2bf5bcefc54201b1690ecd448551ba88)
2026-09-11 16:01:32,819 [canton-env-ec-29] INFO  c.d.c.p.a.s.ApiPackageService:participant=sandbox tid:5dba0756accc339bf5f888e8bf89f337 - Received request for a package status: GetPackageStatusRequest(19f0df5fdaf5a96e137b6ea885fdb378f37bd3166bd9a47ee11518e33fa09a20)
2026-09-11 16:01:32,819 [canton-env-ec-30] INFO  c.d.c.p.a.s.ApiPackageService:participant=sandbox tid:5dba0756accc339bf5f888e8bf89f337 - Received request for a package status: GetPackageStatusRequest(6f8e6085f5769861ae7a40dccd618d6f747297d59b37cab89b93e2fa80b0c024)
2026-09-11 16:01:32,820 [canton-env-ec-30] INFO  c.d.c.p.a.s.ApiPackageService:participant=sandbox tid:5dba0756accc339bf5f888e8bf89f337 - Received request for a package status: GetPackageStatusRequest(7adc4c2d07fa3a51173c843cba36e610c1168b2dbbf53076e20c0092eae8763d)
2026-09-11 16:01:32,820 [canton-env-ec-29] INFO  c.d.c.p.a.s.ApiPackageService:participant=sandbox tid:5dba0756accc339bf5f888e8bf89f337 - Received request for a package status: GetPackageStatusRequest(fa79192fe1cce03d7d8db36471dde4cf6c96e6d0f07e1c391dd49e355af9b38c)
2026-09-11 16:01:32,820 [canton-env-ec-32] INFO  c.d.c.p.a.s.ApiPackageService:participant=sandbox tid:5dba0756accc339bf5f888e8bf89f337 - Received request for a package status: GetPackageStatusRequest(ab068e2f920d0e06347975c2a342b71f8b8e3b4be0f02ead9442caac51aa8877)
2026-09-11 16:01:32,821 [canton-env-ec-30] INFO  c.d.c.p.a.s.ApiPackageService:participant=sandbox tid:5dba0756accc339bf5f888e8bf89f337 - Received request for a package status: GetPackageStatusRequest(fcee8dfc1b81c449b421410edd5041c16ab59c45bbea85bcb094d1b17c3e9df7)
2026-09-11 16:01:32,821 [canton-env-ec-29] INFO  c.d.c.p.a.s.ApiPackageService:participant=sandbox tid:5dba0756accc339bf5f888e8bf89f337 - Received request for a package status: GetPackageStatusRequest(60c61c542207080e97e378ab447cc355ecc47534b3a3ebbff307c4fb8339bc4d)
2026-09-11 16:01:32,821 [canton-env-ec-32] INFO  c.d.c.p.a.s.ApiPackageService:participant=sandbox tid:5dba0756accc339bf5f888e8bf89f337 - Received request for a package status: GetPackageStatusRequest(de2cc2f90eb523414ff54e899951dadd8789a4c07e0f71f6d6c9eaf57d412a54)
2026-09-11 16:01:32,821 [canton-env-ec-30] INFO  c.d.c.p.a.s.ApiPackageService:participant=sandbox tid:5dba0756accc339bf5f888e8bf89f337 - Received request for a package status: GetPackageStatusRequest(bfda48f9aa2c89c895cde538ec4b4946c7085959e031ad61bde616b9849155d7)
2026-09-11 16:01:32,822 [canton-env-ec-29] INFO  c.d.c.p.a.s.ApiPackageService:participant=sandbox tid:5dba0756accc339bf5f888e8bf89f337 - Received request for a package status: GetPackageStatusRequest(3cde94fe9be5c700fc1d9a8ad2277e2c1214609f8c52a5b4db77e466875b8cb7)
2026-09-11 16:01:36,053 [canton-env-ec-31] INFO  c.d.c.p.a.AdminWorkflowServices:participant=sandbox tid:dfef0c104f06f1727e92fe9d3d23a24f - Creating admin workflow service admin-ping
2026-09-11 16:01:36,355 [canton-env-ec-32] INFO  c.d.c.p.a.s.ApiStateService:participant=sandbox tid:dfef0c104f06f1727e92fe9d3d23a24f - Received request for active contracts: GetActiveContractsRequest(0,Some(EventFormat(Map(sandbox::122038b104682a36574185fc89869151cd5ec99ef7962f2eadbce8dda1e389167878 -> Filters(Vector(CumulativeFilter(TemplateFilter(TemplateFilter(Some(Identifier(#canton-builtin-admin-workflow-ping,Canton.Internal.Ping,Ping)),false))), CumulativeFilter(TemplateFilter(TemplateFilter(Some(Identifier(#canton-builtin-admin-workflow-ping,Canton.Internal.Bong,BongProposal)),false))), CumulativeFilter(TemplateFilter(TemplateFilter(Some(Identifier(#canton-builtin-admin-workflow-ping,Canton.Internal.Bong,Explode)),false))), CumulativeFilter(TemplateFilter(TemplateFilter(Some(Identifier(#canton-builtin-admin-workflow-ping,Canton.Internal.Bong,Collapse)),false))), CumulativeFilter(TemplateFilter(TemplateFilter(Some(Identifier(#canton-builtin-admin-workflow-ping,Canton.Internal.Bong,Merge)),false))), CumulativeFilter(TemplateFilter(TemplateFilter(Some(Identifier(#canton-builtin-admin-workflow-ping,Canton.Internal.Bong,Bong)),false)))))),None,false))), filters -> {sandbox::122038b104682a36574185fc89869151cd5ec99ef7962f2eadbce8dda1e389167878: {templates: ['#canton-builtin-admin-workflow-ping:Canton.Internal.Bong:Collapse', '#canton-builtin-admin-workflow-ping:Canton.Internal.Bong:Merge', '#canton-builtin-admin-workflow-ping:Canton.Internal.Bong:BongProposal', '#canton-builtin-admin-workflow-ping:Canton.Internal.Bong:Explode', '#canton-builtin-admin-workflow-ping:Canton.Internal.Bong:Bong', '#canton-builtin-admin-workflow-ping:Canton.Internal.Ping:Ping'], interfaces: []}}.
2026-09-11 16:01:36,497 [canton-env-ec-30] INFO  c.d.c.p.a.s.ApiUpdateService:participant=sandbox tid:dfef0c104f06f1727e92fe9d3d23a24f - Received request for updates, startExclusive -> 0, endInclusive -> , updateFormat -> {transaction format: [{filters: {sandbox::122038b104682a36574185fc89869151cd5ec99ef7962f2eadbce8dda1e389167878: {templates: ['#canton-builtin-admin-workflow-ping:Canton.Internal.Bong:Collapse', '#canton-builtin-admin-workflow-ping:Canton.Internal.Bong:Merge', '#canton-builtin-admin-workflow-ping:Canton.Internal.Bong:BongProposal', '#canton-builtin-admin-workflow-ping:Canton.Internal.Bong:Explode', '#canton-builtin-admin-workflow-ping:Canton.Internal.Bong:Bong', '#canton-builtin-admin-workflow-ping:Canton.Internal.Ping:Ping'], interfaces: []}}, transactionShape: 'AcsDelta'}], reassignment filters: [{sandbox::122038b104682a36574185fc89869151cd5ec99ef7962f2eadbce8dda1e389167878: {templates: ['#canton-builtin-admin-workflow-ping:Canton.Internal.Bong:Collapse', '#canton-builtin-admin-workflow-ping:Canton.Internal.Bong:Merge', '#canton-builtin-admin-workflow-ping:Canton.Internal.Bong:BongProposal', '#canton-builtin-admin-workflow-ping:Canton.Internal.Bong:Explode', '#canton-builtin-admin-workflow-ping:Canton.Internal.Bong:Bong', '#canton-builtin-admin-workflow-ping:Canton.Internal.Ping:Ping'], interfaces: []}}], topology format: []}.
2026-09-11 16:01:36,532 [canton-env-ec-31] INFO  c.d.c.p.s.SynchronizerConnectionsManager:participant=sandbox tid:e8c5d803af38d95faf0c8bf44ef59aaa - Reconnecting to synchronizers List(). Already connected: Set()
2026-09-11 16:01:36,535 [canton-env-ec-30] INFO  c.d.c.p.s.SynchronizerConnectionsManager:participant=sandbox tid:e8c5d803af38d95faf0c8bf44ef59aaa - Successfully re-connected to synchronizers List()
2026-09-11 16:01:36,536 [main] INFO  c.d.canton.environment.Environment tid:e8c5d803af38d95faf0c8bf44ef59aaa - Successfully started all nodes
2026-09-11 16:01:36,587 [main] INFO  c.digitalasset.canton.ServerRunner - Running script Some(/var/folders/1d/d4nnm45165j1x3mjmklv49900000gp/T/extra-file-89882256048-30348-1) (SHA-256:622b42800df3...)
2026-09-11 16:01:43,788 [canton-env-ec-32] INFO  c.d.c.t.TemporaryStoreRegistry:sequencer=sequencer1 tid:1c57325be3f9325671f07260f7f188a2 - Creating temporary topology store mysynchronizer-setup
2026-09-11 16:01:43,812 [canton-env-ec-29] INFO  c.d.c.t.TemporaryStoreRegistry:mediator=mediator1 tid:8729fda1ded5b5d8a3b7280b696794de - Creating temporary topology store mysynchronizer-setup
2026-09-11 16:01:44,058 [canton-env-ec-32] INFO  c.d.c.t.p.TopologyStateProcessorOld:sequencer=sequencer1/store=mysynchronizer-setup tid:859944aa252591390ddc912d90b1d406 - Storing topology transaction 1/1 TxHash(SHA-256:2eeb322f4f3d...) with ts=EffectiveTime(2026-09-11T15:01:44.055506Z), signedBy=Set(1220cdcac772...)
2026-09-11 16:01:44,061 [canton-env-ec-29] INFO  c.d.c.t.p.TopologyStateProcessorOld:sequencer=sequencer1/store=mysynchronizer-setup tid:859944aa252591390ddc912d90b1d406 - Persisted topology transactions (SequencedTime(2026-09-11T15:01:44.055506Z), EffectiveTime(2026-09-11T15:01:44.055506Z)):
ValidatedTopologyTransaction(
  SignedTopologyTransaction(
    TopologyTransaction(
      NamespaceDelegation(1220cdcac772..., SigningPublicKey(id = 1220cdcac772..., format = DER-encoded X.509 SubjectPublicKeyInfo, keySpec = EC-Curve25519, usage = namespace), CanSignAllMappings),
      serial = 1,
      operation = Replace,
      hash = SHA-256:2eeb322f4f3d...
    ),
    signatures = 1220cdcac772...
  )
)
2026-09-11 16:01:44,069 [canton-env-ec-31] INFO  c.d.c.t.p.TopologyStateProcessorOld:sequencer=sequencer1/store=mysynchronizer-setup tid:859944aa252591390ddc912d90b1d406 - Storing topology transaction 1/1 TxHash(SHA-256:9653666f8d53...) with ts=EffectiveTime(2026-09-11T15:01:44.061794Z), signedBy=Set(1220cdcac772..., 1220af9fd547..., 12208c5284e6...)
2026-09-11 16:01:44,071 [canton-env-ec-30] INFO  c.d.c.t.p.TopologyStateProcessorOld:sequencer=sequencer1/store=mysynchronizer-setup tid:859944aa252591390ddc912d90b1d406 - Persisted topology transactions (SequencedTime(2026-09-11T15:01:44.061794Z), EffectiveTime(2026-09-11T15:01:44.061794Z)):
ValidatedTopologyTransaction(
  SignedTopologyTransaction(
    TopologyTransaction(
      OwnerToKeyMapping(
        SEQ::sequencer1::1220cdcac772...,
        Vector(
          SigningPublicKey(id = 1220af9fd547..., format = DER-encoded X.509 SubjectPublicKeyInfo, keySpec = EC-Curve25519, usage = Set(sequencer-auth, proof-of-ownership)),
          SigningPublicKey(id = 12208c5284e6..., format = DER-encoded X.509 SubjectPublicKeyInfo, keySpec = EC-Curve25519, usage = Set(signing, proof-of-ownership))
        )
      ),
      serial = 1,
      operation = Replace,
      hash = SHA-256:9653666f8d53...
    ),
    signatures = Seq(12208c5284e6..., 1220af9fd547..., 1220cdcac772...)
  )
)
2026-09-11 16:01:44,074 [canton-env-ec-31] INFO  c.d.c.t.p.TopologyStateProcessorOld:sequencer=sequencer1/store=mysynchronizer-setup tid:859944aa252591390ddc912d90b1d406 - Storing topology transaction 1/1 TxHash(SHA-256:8c49bb55a790...) with ts=EffectiveTime(2026-09-11T15:01:44.071881Z), signedBy=Set(12205774a822...)
2026-09-11 16:01:44,075 [canton-env-ec-29] INFO  c.d.c.t.p.TopologyStateProcessorOld:sequencer=sequencer1/store=mysynchronizer-setup tid:859944aa252591390ddc912d90b1d406 - Persisted topology transactions (SequencedTime(2026-09-11T15:01:44.071881Z), EffectiveTime(2026-09-11T15:01:44.071881Z)):
ValidatedTopologyTransaction(
  SignedTopologyTransaction(
    TopologyTransaction(
      NamespaceDelegation(12205774a822..., SigningPublicKey(id = 12205774a822..., format = DER-encoded X.509 SubjectPublicKeyInfo, keySpec = EC-Curve25519, usage = namespace), CanSignAllMappings),
      serial = 1,
      operation = Replace,
      hash = SHA-256:8c49bb55a790...
    ),
    signatures = 12205774a822...
  )
)
2026-09-11 16:01:44,079 [canton-env-ec-31] INFO  c.d.c.t.p.TopologyStateProcessorOld:sequencer=sequencer1/store=mysynchronizer-setup tid:859944aa252591390ddc912d90b1d406 - Storing topology transaction 1/1 TxHash(SHA-256:89c9dbde2b84...) with ts=EffectiveTime(2026-09-11T15:01:44.076199Z), signedBy=Set(12205774a822..., 1220f03f8713..., 1220596defe6...)
2026-09-11 16:01:44,080 [canton-env-ec-31] INFO  c.d.c.t.p.TopologyStateProcessorOld:sequencer=sequencer1/store=mysynchronizer-setup tid:859944aa252591390ddc912d90b1d406 - Persisted topology transactions (SequencedTime(2026-09-11T15:01:44.076199Z), EffectiveTime(2026-09-11T15:01:44.076199Z)):
ValidatedTopologyTransaction(
  SignedTopologyTransaction(
    TopologyTransaction(
      OwnerToKeyMapping(
        MED::mediator1::12205774a822...,
        Vector(
          SigningPublicKey(id = 1220f03f8713..., format = DER-encoded X.509 SubjectPublicKeyInfo, keySpec = EC-Curve25519, usage = Set(sequencer-auth, proof-of-ownership)),
          SigningPublicKey(id = 1220596defe6..., format = DER-encoded X.509 SubjectPublicKeyInfo, keySpec = EC-Curve25519, usage = Set(signing, proof-of-ownership))
        )
      ),
      serial = 1,
      operation = Replace,
      hash = SHA-256:89c9dbde2b84...
    ),
    signatures = Seq(12205774a822..., 1220596defe6..., 1220f03f8713...)
  )
)
2026-09-11 16:01:44,090 [canton-env-ec-31] INFO  c.d.c.t.p.TopologyStateProcessorOld:sequencer=sequencer1/store=mysynchronizer-setup tid:859944aa252591390ddc912d90b1d406 - Storing topology transaction 1/1 TxHash(SHA-256:2eeb322f4f3d...) with ts=EffectiveTime(2026-09-11T15:01:44.081205Z), signedBy=Set(1220cdcac772...)
2026-09-11 16:01:44,092 [canton-env-ec-29] INFO  c.d.c.t.p.TopologyStateProcessorOld:sequencer=sequencer1/store=mysynchronizer-setup tid:859944aa252591390ddc912d90b1d406 - Persisted topology transactions (SequencedTime(2026-09-11T15:01:44.081205Z), EffectiveTime(2026-09-11T15:01:44.081205Z)):
ValidatedTopologyTransaction(
  SignedTopologyTransaction(
    TopologyTransaction(
      NamespaceDelegation(1220cdcac772..., SigningPublicKey(id = 1220cdcac772..., format = DER-encoded X.509 SubjectPublicKeyInfo, keySpec = EC-Curve25519, usage = namespace), CanSignAllMappings),
      serial = 1,
      operation = Replace,
      hash = SHA-256:2eeb322f4f3d...
    ),
    signatures = 1220cdcac772...
  )
)
2026-09-11 16:01:44,105 [canton-env-ec-32] INFO  c.d.c.t.p.TopologyStateProcessorOld:sequencer=sequencer1/store=mysynchronizer-setup tid:859944aa252591390ddc912d90b1d406 - Storing topology transaction 1/1 TxHash(SHA-256:9653666f8d53...) with ts=EffectiveTime(2026-09-11T15:01:44.092983Z), signedBy=Set(1220cdcac772..., 1220af9fd547..., 12208c5284e6...)
2026-09-11 16:01:44,110 [canton-env-ec-32] INFO  c.d.c.t.p.TopologyStateProcessorOld:sequencer=sequencer1/store=mysynchronizer-setup tid:859944aa252591390ddc912d90b1d406 - Persisted topology transactions (SequencedTime(2026-09-11T15:01:44.092983Z), EffectiveTime(2026-09-11T15:01:44.092983Z)):
ValidatedTopologyTransaction(
  SignedTopologyTransaction(
    TopologyTransaction(
      OwnerToKeyMapping(
        SEQ::sequencer1::1220cdcac772...,
        Vector(
          SigningPublicKey(id = 1220af9fd547..., format = DER-encoded X.509 SubjectPublicKeyInfo, keySpec = EC-Curve25519, usage = Set(sequencer-auth, proof-of-ownership)),
          SigningPublicKey(id = 12208c5284e6..., format = DER-encoded X.509 SubjectPublicKeyInfo, keySpec = EC-Curve25519, usage = Set(signing, proof-of-ownership))
        )
      ),
      serial = 1,
      operation = Replace,
      hash = SHA-256:9653666f8d53...
    ),
    signatures = Seq(12208c5284e6..., 1220af9fd547..., 1220cdcac772...)
  )
)
2026-09-11 16:01:44,114 [canton-env-ec-29] INFO  c.d.c.t.p.TopologyStateProcessorOld:sequencer=sequencer1/store=mysynchronizer-setup tid:859944aa252591390ddc912d90b1d406 - Storing topology transaction 1/1 TxHash(SHA-256:8c49bb55a790...) with ts=EffectiveTime(2026-09-11T15:01:44.110751Z), signedBy=Set(12205774a822...)
2026-09-11 16:01:44,116 [canton-env-ec-31] INFO  c.d.c.t.p.TopologyStateProcessorOld:sequencer=sequencer1/store=mysynchronizer-setup tid:859944aa252591390ddc912d90b1d406 - Persisted topology transactions (SequencedTime(2026-09-11T15:01:44.110751Z), EffectiveTime(2026-09-11T15:01:44.110751Z)):
ValidatedTopologyTransaction(
  SignedTopologyTransaction(
    TopologyTransaction(
      NamespaceDelegation(12205774a822..., SigningPublicKey(id = 12205774a822..., format = DER-encoded X.509 SubjectPublicKeyInfo, keySpec = EC-Curve25519, usage = namespace), CanSignAllMappings),
      serial = 1,
      operation = Replace,
      hash = SHA-256:8c49bb55a790...
    ),
    signatures = 12205774a822...
  )
)
2026-09-11 16:01:44,120 [canton-env-ec-32] INFO  c.d.c.t.p.TopologyStateProcessorOld:sequencer=sequencer1/store=mysynchronizer-setup tid:859944aa252591390ddc912d90b1d406 - Storing topology transaction 1/1 TxHash(SHA-256:89c9dbde2b84...) with ts=EffectiveTime(2026-09-11T15:01:44.117266Z), signedBy=Set(12205774a822..., 1220f03f8713..., 1220596defe6...)
2026-09-11 16:01:44,122 [canton-env-ec-32] INFO  c.d.c.t.p.TopologyStateProcessorOld:sequencer=sequencer1/store=mysynchronizer-setup tid:859944aa252591390ddc912d90b1d406 - Persisted topology transactions (SequencedTime(2026-09-11T15:01:44.117266Z), EffectiveTime(2026-09-11T15:01:44.117266Z)):
ValidatedTopologyTransaction(
  SignedTopologyTransaction(
    TopologyTransaction(
      OwnerToKeyMapping(
        MED::mediator1::12205774a822...,
        Vector(
          SigningPublicKey(id = 1220f03f8713..., format = DER-encoded X.509 SubjectPublicKeyInfo, keySpec = EC-Curve25519, usage = Set(sequencer-auth, proof-of-ownership)),
          SigningPublicKey(id = 1220596defe6..., format = DER-encoded X.509 SubjectPublicKeyInfo, keySpec = EC-Curve25519, usage = Set(signing, proof-of-ownership))
        )
      ),
      serial = 1,
      operation = Replace,
      hash = SHA-256:89c9dbde2b84...
    ),
    signatures = Seq(12205774a822..., 1220596defe6..., 1220f03f8713...)
  )
)
2026-09-11 16:01:44,150 [canton-env-ec-31] INFO  c.d.c.t.p.TopologyStateProcessorOld:mediator=mediator1/store=mysynchronizer-setup tid:3a1f089d18a11737846991942304b09c - Storing topology transaction 1/1 TxHash(SHA-256:2eeb322f4f3d...) with ts=EffectiveTime(2026-09-11T15:01:44.147885Z), signedBy=Set(1220cdcac772...)
2026-09-11 16:01:44,152 [canton-env-ec-29] INFO  c.d.c.t.p.TopologyStateProcessorOld:mediator=mediator1/store=mysynchronizer-setup tid:3a1f089d18a11737846991942304b09c - Persisted topology transactions (SequencedTime(2026-09-11T15:01:44.147885Z), EffectiveTime(2026-09-11T15:01:44.147885Z)):
ValidatedTopologyTransaction(
  SignedTopologyTransaction(
    TopologyTransaction(
      NamespaceDelegation(1220cdcac772..., SigningPublicKey(id = 1220cdcac772..., format = DER-encoded X.509 SubjectPublicKeyInfo, keySpec = EC-Curve25519, usage = namespace), CanSignAllMappings),
      serial = 1,
      operation = Replace,
      hash = SHA-256:2eeb322f4f3d...
    ),
    signatures = 1220cdcac772...
  )
)
2026-09-11 16:01:44,158 [canton-env-ec-29] INFO  c.d.c.t.p.TopologyStateProcessorOld:mediator=mediator1/store=mysynchronizer-setup tid:3a1f089d18a11737846991942304b09c - Storing topology transaction 1/1 TxHash(SHA-256:9653666f8d53...) with ts=EffectiveTime(2026-09-11T15:01:44.152664Z), signedBy=Set(1220cdcac772..., 1220af9fd547..., 12208c5284e6...)
2026-09-11 16:01:44,160 [canton-env-ec-32] INFO  c.d.c.t.p.TopologyStateProcessorOld:mediator=mediator1/store=mysynchronizer-setup tid:3a1f089d18a11737846991942304b09c - Persisted topology transactions (SequencedTime(2026-09-11T15:01:44.152664Z), EffectiveTime(2026-09-11T15:01:44.152664Z)):
ValidatedTopologyTransaction(
  SignedTopologyTransaction(
    TopologyTransaction(
      OwnerToKeyMapping(
        SEQ::sequencer1::1220cdcac772...,
        Vector(
          SigningPublicKey(id = 1220af9fd547..., format = DER-encoded X.509 SubjectPublicKeyInfo, keySpec = EC-Curve25519, usage = Set(sequencer-auth, proof-of-ownership)),
          SigningPublicKey(id = 12208c5284e6..., format = DER-encoded X.509 SubjectPublicKeyInfo, keySpec = EC-Curve25519, usage = Set(signing, proof-of-ownership))
        )
      ),
      serial = 1,
      operation = Replace,
      hash = SHA-256:9653666f8d53...
    ),
    signatures = Seq(12208c5284e6..., 1220af9fd547..., 1220cdcac772...)
  )
)
2026-09-11 16:01:44,168 [canton-env-ec-32] INFO  c.d.c.t.p.TopologyStateProcessorOld:mediator=mediator1/store=mysynchronizer-setup tid:3a1f089d18a11737846991942304b09c - Storing topology transaction 1/1 TxHash(SHA-256:8c49bb55a790...) with ts=EffectiveTime(2026-09-11T15:01:44.160799Z), signedBy=Set(12205774a822...)
2026-09-11 16:01:44,170 [canton-env-ec-32] INFO  c.d.c.t.p.TopologyStateProcessorOld:mediator=mediator1/store=mysynchronizer-setup tid:3a1f089d18a11737846991942304b09c - Persisted topology transactions (SequencedTime(2026-09-11T15:01:44.160799Z), EffectiveTime(2026-09-11T15:01:44.160799Z)):
ValidatedTopologyTransaction(
  SignedTopologyTransaction(
    TopologyTransaction(
      NamespaceDelegation(12205774a822..., SigningPublicKey(id = 12205774a822..., format = DER-encoded X.509 SubjectPublicKeyInfo, keySpec = EC-Curve25519, usage = namespace), CanSignAllMappings),
      serial = 1,
      operation = Replace,
      hash = SHA-256:8c49bb55a790...
    ),
    signatures = 12205774a822...
  )
)
2026-09-11 16:01:44,174 [canton-env-ec-29] INFO  c.d.c.t.p.TopologyStateProcessorOld:mediator=mediator1/store=mysynchronizer-setup tid:3a1f089d18a11737846991942304b09c - Storing topology transaction 1/1 TxHash(SHA-256:89c9dbde2b84...) with ts=EffectiveTime(2026-09-11T15:01:44.170561Z), signedBy=Set(12205774a822..., 1220f03f8713..., 1220596defe6...)
2026-09-11 16:01:44,176 [canton-env-ec-29] INFO  c.d.c.t.p.TopologyStateProcessorOld:mediator=mediator1/store=mysynchronizer-setup tid:3a1f089d18a11737846991942304b09c - Persisted topology transactions (SequencedTime(2026-09-11T15:01:44.170561Z), EffectiveTime(2026-09-11T15:01:44.170561Z)):
ValidatedTopologyTransaction(
  SignedTopologyTransaction(
    TopologyTransaction(
      OwnerToKeyMapping(
        MED::mediator1::12205774a822...,
        Vector(
          SigningPublicKey(id = 1220f03f8713..., format = DER-encoded X.509 SubjectPublicKeyInfo, keySpec = EC-Curve25519, usage = Set(sequencer-auth, proof-of-ownership)),
          SigningPublicKey(id = 1220596defe6..., format = DER-encoded X.509 SubjectPublicKeyInfo, keySpec = EC-Curve25519, usage = Set(signing, proof-of-ownership))
        )
      ),
      serial = 1,
      operation = Replace,
      hash = SHA-256:89c9dbde2b84...
    ),
    signatures = Seq(12205774a822..., 1220596defe6..., 1220f03f8713...)
  )
)
2026-09-11 16:01:44,178 [canton-env-ec-29] INFO  c.d.c.t.p.TopologyStateProcessorOld:mediator=mediator1/store=mysynchronizer-setup tid:3a1f089d18a11737846991942304b09c - Storing topology transaction 1/1 TxHash(SHA-256:2eeb322f4f3d...) with ts=EffectiveTime(2026-09-11T15:01:44.176885Z), signedBy=Set(1220cdcac772...)
2026-09-11 16:01:44,180 [canton-env-ec-32] INFO  c.d.c.t.p.TopologyStateProcessorOld:mediator=mediator1/store=mysynchronizer-setup tid:3a1f089d18a11737846991942304b09c - Persisted topology transactions (SequencedTime(2026-09-11T15:01:44.176885Z), EffectiveTime(2026-09-11T15:01:44.176885Z)):
ValidatedTopologyTransaction(
  SignedTopologyTransaction(
    TopologyTransaction(
      NamespaceDelegation(1220cdcac772..., SigningPublicKey(id = 1220cdcac772..., format = DER-encoded X.509 SubjectPublicKeyInfo, keySpec = EC-Curve25519, usage = namespace), CanSignAllMappings),
      serial = 1,
      operation = Replace,
      hash = SHA-256:2eeb322f4f3d...
    ),
    signatures = 1220cdcac772...
  )
)
2026-09-11 16:01:44,183 [canton-env-ec-31] INFO  c.d.c.t.p.TopologyStateProcessorOld:mediator=mediator1/store=mysynchronizer-setup tid:3a1f089d18a11737846991942304b09c - Storing topology transaction 1/1 TxHash(SHA-256:9653666f8d53...) with ts=EffectiveTime(2026-09-11T15:01:44.180506Z), signedBy=Set(1220cdcac772..., 1220af9fd547..., 12208c5284e6...)
2026-09-11 16:01:44,185 [canton-env-ec-30] INFO  c.d.c.t.p.TopologyStateProcessorOld:mediator=mediator1/store=mysynchronizer-setup tid:3a1f089d18a11737846991942304b09c - Persisted topology transactions (SequencedTime(2026-09-11T15:01:44.180506Z), EffectiveTime(2026-09-11T15:01:44.180506Z)):
ValidatedTopologyTransaction(
  SignedTopologyTransaction(
    TopologyTransaction(
      OwnerToKeyMapping(
        SEQ::sequencer1::1220cdcac772...,
        Vector(
          SigningPublicKey(id = 1220af9fd547..., format = DER-encoded X.509 SubjectPublicKeyInfo, keySpec = EC-Curve25519, usage = Set(sequencer-auth, proof-of-ownership)),
          SigningPublicKey(id = 12208c5284e6..., format = DER-encoded X.509 SubjectPublicKeyInfo, keySpec = EC-Curve25519, usage = Set(signing, proof-of-ownership))
        )
      ),
      serial = 1,
      operation = Replace,
      hash = SHA-256:9653666f8d53...
    ),
    signatures = Seq(12208c5284e6..., 1220af9fd547..., 1220cdcac772...)
  )
)
2026-09-11 16:01:44,188 [canton-env-ec-29] INFO  c.d.c.t.p.TopologyStateProcessorOld:mediator=mediator1/store=mysynchronizer-setup tid:3a1f089d18a11737846991942304b09c - Storing topology transaction 1/1 TxHash(SHA-256:8c49bb55a790...) with ts=EffectiveTime(2026-09-11T15:01:44.186206Z), signedBy=Set(12205774a822...)
2026-09-11 16:01:44,189 [canton-env-ec-32] INFO  c.d.c.t.p.TopologyStateProcessorOld:mediator=mediator1/store=mysynchronizer-setup tid:3a1f089d18a11737846991942304b09c - Persisted topology transactions (SequencedTime(2026-09-11T15:01:44.186206Z), EffectiveTime(2026-09-11T15:01:44.186206Z)):
ValidatedTopologyTransaction(
  SignedTopologyTransaction(
    TopologyTransaction(
      NamespaceDelegation(12205774a822..., SigningPublicKey(id = 12205774a822..., format = DER-encoded X.509 SubjectPublicKeyInfo, keySpec = EC-Curve25519, usage = namespace), CanSignAllMappings),
      serial = 1,
      operation = Replace,
      hash = SHA-256:8c49bb55a790...
    ),
    signatures = 12205774a822...
  )
)
2026-09-11 16:01:44,192 [canton-env-ec-32] INFO  c.d.c.t.p.TopologyStateProcessorOld:mediator=mediator1/store=mysynchronizer-setup tid:3a1f089d18a11737846991942304b09c - Storing topology transaction 1/1 TxHash(SHA-256:89c9dbde2b84...) with ts=EffectiveTime(2026-09-11T15:01:44.189932Z), signedBy=Set(12205774a822..., 1220f03f8713..., 1220596defe6...)
2026-09-11 16:01:44,194 [canton-env-ec-32] INFO  c.d.c.t.p.TopologyStateProcessorOld:mediator=mediator1/store=mysynchronizer-setup tid:3a1f089d18a11737846991942304b09c - Persisted topology transactions (SequencedTime(2026-09-11T15:01:44.189932Z), EffectiveTime(2026-09-11T15:01:44.189932Z)):
ValidatedTopologyTransaction(
  SignedTopologyTransaction(
    TopologyTransaction(
      OwnerToKeyMapping(
        MED::mediator1::12205774a822...,
        Vector(
          SigningPublicKey(id = 1220f03f8713..., format = DER-encoded X.509 SubjectPublicKeyInfo, keySpec = EC-Curve25519, usage = Set(sequencer-auth, proof-of-ownership)),
          SigningPublicKey(id = 1220596defe6..., format = DER-encoded X.509 SubjectPublicKeyInfo, keySpec = EC-Curve25519, usage = Set(signing, proof-of-ownership))
        )
      ),
      serial = 1,
      operation = Replace,
      hash = SHA-256:89c9dbde2b84...
    ),
    signatures = Seq(12205774a822..., 1220596defe6..., 1220f03f8713...)
  )
)
2026-09-11 16:01:44,285 [canton-env-ec-30] INFO  c.d.c.t.p.TopologyStateProcessorOld:sequencer=sequencer1/store=mysynchronizer-setup tid:95c0dab3a439e9b7689a1dfb3b3869b2 - Storing topology transaction 1/1 TxHash(SHA-256:5f71125dd68b...) with ts=EffectiveTime(2026-09-11T15:01:44.281853Z), signedBy=Set(1220cdcac772...)
2026-09-11 16:01:44,286 [canton-env-ec-29] INFO  c.d.c.t.p.TopologyStateProcessorOld:sequencer=sequencer1/store=mysynchronizer-setup tid:95c0dab3a439e9b7689a1dfb3b3869b2 - Persisted topology transactions (SequencedTime(2026-09-11T15:01:44.281853Z), EffectiveTime(2026-09-11T15:01:44.281853Z)):
ValidatedTopologyTransaction(
  SignedTopologyTransaction(
    TopologyTransaction(DecentralizedNamespaceDefinition(122070a47a88..., PositiveNumeric(1), Set(1220cdcac772..., 12205774a822...)), serial = 1, operation = Replace, hash = SHA-256:5f71125dd68b...),
    signatures = 1220cdcac772...,
    proposal
  )
)
2026-09-11 16:01:44,328 [canton-env-ec-31] INFO  c.d.c.t.p.TopologyStateProcessorOld:mediator=mediator1/store=mysynchronizer-setup tid:a294e9d0ac5e980bd27a28b1be397f43 - Storing topology transaction 1/1 TxHash(SHA-256:5f71125dd68b...) with ts=EffectiveTime(2026-09-11T15:01:44.324890Z), signedBy=Set(12205774a822...)
2026-09-11 16:01:44,330 [canton-env-ec-31] INFO  c.d.c.t.p.TopologyStateProcessorOld:mediator=mediator1/store=mysynchronizer-setup tid:a294e9d0ac5e980bd27a28b1be397f43 - Persisted topology transactions (SequencedTime(2026-09-11T15:01:44.324890Z), EffectiveTime(2026-09-11T15:01:44.324890Z)):
ValidatedTopologyTransaction(
  SignedTopologyTransaction(
    TopologyTransaction(DecentralizedNamespaceDefinition(122070a47a88..., PositiveNumeric(1), Set(1220cdcac772..., 12205774a822...)), serial = 1, operation = Replace, hash = SHA-256:5f71125dd68b...),
    signatures = 12205774a822...,
    proposal
  )
)
2026-09-11 16:01:44,377 [canton-env-ec-31] INFO  c.d.c.t.p.TopologyStateProcessorOld:sequencer=sequencer1/store=mysynchronizer-setup tid:3f99741ac85fb15a19b885062d1a168e - Storing topology transaction 1/1 TxHash(SHA-256:5f71125dd68b...) with ts=EffectiveTime(2026-09-11T15:01:44.370570Z), signedBy=Set(1220cdcac772..., 12205774a822...)
2026-09-11 16:01:44,379 [canton-env-ec-29] INFO  c.d.c.t.p.TopologyStateProcessorOld:sequencer=sequencer1/store=mysynchronizer-setup tid:3f99741ac85fb15a19b885062d1a168e - Persisted topology transactions (SequencedTime(2026-09-11T15:01:44.370570Z), EffectiveTime(2026-09-11T15:01:44.370570Z)):
ValidatedTopologyTransaction(
  SignedTopologyTransaction(
    TopologyTransaction(DecentralizedNamespaceDefinition(122070a47a88..., PositiveNumeric(1), Set(1220cdcac772..., 12205774a822...)), serial = 1, operation = Replace, hash = SHA-256:5f71125dd68b...),
    signatures = Seq(12205774a822..., 1220cdcac772...)
  )
)
2026-09-11 16:01:44,400 [canton-env-ec-30] INFO  c.d.c.t.p.TopologyStateProcessorOld:mediator=mediator1/store=mysynchronizer-setup tid:6f5911a0ea88c2b5694e9997f580b9fa - Storing topology transaction 1/1 TxHash(SHA-256:5f71125dd68b...) with ts=EffectiveTime(2026-09-11T15:01:44.396901Z), signedBy=Set(1220cdcac772..., 12205774a822...)
2026-09-11 16:01:44,402 [canton-env-ec-31] INFO  c.d.c.t.p.TopologyStateProcessorOld:mediator=mediator1/store=mysynchronizer-setup tid:6f5911a0ea88c2b5694e9997f580b9fa - Persisted topology transactions (SequencedTime(2026-09-11T15:01:44.396901Z), EffectiveTime(2026-09-11T15:01:44.396901Z)):
ValidatedTopologyTransaction(
  SignedTopologyTransaction(
    TopologyTransaction(DecentralizedNamespaceDefinition(122070a47a88..., PositiveNumeric(1), Set(1220cdcac772..., 12205774a822...)), serial = 1, operation = Replace, hash = SHA-256:5f71125dd68b...),
    signatures = Seq(12205774a822..., 1220cdcac772...)
  )
)
2026-09-11 16:01:44,554 [canton-env-ec-31] INFO  c.d.c.t.p.TopologyStateProcessorOld:sequencer=sequencer1/store=mysynchronizer-setup tid:3a40e82b69c781291e3c4f443841928a - Storing topology transaction 1/1 TxHash(SHA-256:81db63fe36f8...) with ts=EffectiveTime(2026-09-11T15:01:44.550607Z), signedBy=Set(1220cdcac772...)
2026-09-11 16:01:44,557 [canton-env-ec-31] INFO  c.d.c.t.p.TopologyStateProcessorOld:sequencer=sequencer1/store=mysynchronizer-setup tid:3a40e82b69c781291e3c4f443841928a - Persisted topology transactions (SequencedTime(2026-09-11T15:01:44.550607Z), EffectiveTime(2026-09-11T15:01:44.550607Z)):
ValidatedTopologyTransaction(
  SignedTopologyTransaction(
    TopologyTransaction(
      SynchronizerParametersState(
        mysynchronizer::122070a47a88...,
        DynamicSynchronizerParameters(
          confirmation response timeout = 30s,
          mediator reaction timeout = 30s,
          assignment exclusivity timeout = 1m,
          ledger time record time tolerance = 1m,
          mediator deduplication timeout = 48h,
          reconciliation interval = 1m,
          confirmation requests max rate = 1000000,
          max request size = 10485760,
          sequencer aggregate submission timeout = 6m,
          ACS commitment catchup = AcsCommitmentsCatchUpParameters(catchUpIntervalSkip = 5, nrIntervalsToTriggerCatchUp = 2),
          participant synchronizer limits = ParticipantSynchronizerLimits(confirmation requests max rate = 1000000),
          preparation time record time tolerance = 24h,
          onboarding restriction = UnrestrictedOpen
        )
      ),
      serial = 1,
      operation = Replace,
      hash = SHA-256:81db63fe36f8...
    ),
    signatures = 1220cdcac772...
  )
)
2026-09-11 16:01:44,617 [canton-env-ec-30] INFO  c.d.c.t.p.TopologyStateProcessorOld:sequencer=sequencer1/store=mysynchronizer-setup tid:89b84cf1ff048b9f83899943680c9e70 - Storing topology transaction 1/1 TxHash(SHA-256:24e134b960da...) with ts=EffectiveTime(2026-09-11T15:01:44.614765Z), signedBy=Set(1220cdcac772...)
2026-09-11 16:01:44,619 [canton-env-ec-30] INFO  c.d.c.t.p.TopologyStateProcessorOld:sequencer=sequencer1/store=mysynchronizer-setup tid:89b84cf1ff048b9f83899943680c9e70 - Persisted topology transactions (SequencedTime(2026-09-11T15:01:44.614765Z), EffectiveTime(2026-09-11T15:01:44.614765Z)):
ValidatedTopologyTransaction(
  SignedTopologyTransaction(
    TopologyTransaction(
      MediatorSynchronizerState(mysynchronizer::122070a47a88..., NonNegativeNumeric(0), PositiveNumeric(1), Vector(MED::mediator1::12205774a822...), Vector()),
      serial = 1,
      operation = Replace,
      hash = SHA-256:24e134b960da...
    ),
    signatures = 1220cdcac772...
  )
)
2026-09-11 16:01:44,662 [canton-env-ec-32] INFO  c.d.c.t.p.TopologyStateProcessorOld:sequencer=sequencer1/store=mysynchronizer-setup tid:7c53157a24fcdd73bc751fe569f57732 - Storing topology transaction 1/1 TxHash(SHA-256:ca0e375a0e2b...) with ts=EffectiveTime(2026-09-11T15:01:44.659734Z), signedBy=Set(1220cdcac772...)
2026-09-11 16:01:44,669 [canton-env-ec-30] INFO  c.d.c.t.p.TopologyStateProcessorOld:sequencer=sequencer1/store=mysynchronizer-setup tid:7c53157a24fcdd73bc751fe569f57732 - Persisted topology transactions (SequencedTime(2026-09-11T15:01:44.659734Z), EffectiveTime(2026-09-11T15:01:44.659734Z)):
ValidatedTopologyTransaction(
  SignedTopologyTransaction(
    TopologyTransaction(
      SequencerSynchronizerState(mysynchronizer::122070a47a88..., PositiveNumeric(1), Vector(SEQ::sequencer1::1220cdcac772...), Vector()),
      serial = 1,
      operation = Replace,
      hash = SHA-256:ca0e375a0e2b...
    ),
    signatures = 1220cdcac772...
  )
)
2026-09-11 16:01:44,725 [canton-env-ec-29] INFO  c.d.c.t.p.TopologyStateProcessorOld:mediator=mediator1/store=mysynchronizer-setup tid:f47a736d3bf2c25f4e0342c892c9a65f - Storing topology transaction 1/1 TxHash(SHA-256:81db63fe36f8...) with ts=EffectiveTime(2026-09-11T15:01:44.723812Z), signedBy=Set(12205774a822...)
2026-09-11 16:01:44,728 [canton-env-ec-29] INFO  c.d.c.t.p.TopologyStateProcessorOld:mediator=mediator1/store=mysynchronizer-setup tid:f47a736d3bf2c25f4e0342c892c9a65f - Persisted topology transactions (SequencedTime(2026-09-11T15:01:44.723812Z), EffectiveTime(2026-09-11T15:01:44.723812Z)):
ValidatedTopologyTransaction(
  SignedTopologyTransaction(
    TopologyTransaction(
      SynchronizerParametersState(
        mysynchronizer::122070a47a88...,
        DynamicSynchronizerParameters(
          confirmation response timeout = 30s,
          mediator reaction timeout = 30s,
          assignment exclusivity timeout = 1m,
          ledger time record time tolerance = 1m,
          mediator deduplication timeout = 48h,
          reconciliation interval = 1m,
          confirmation requests max rate = 1000000,
          max request size = 10485760,
          sequencer aggregate submission timeout = 6m,
          ACS commitment catchup = AcsCommitmentsCatchUpParameters(catchUpIntervalSkip = 5, nrIntervalsToTriggerCatchUp = 2),
          participant synchronizer limits = ParticipantSynchronizerLimits(confirmation requests max rate = 1000000),
          preparation time record time tolerance = 24h,
          onboarding restriction = UnrestrictedOpen
        )
      ),
      serial = 1,
      operation = Replace,
      hash = SHA-256:81db63fe36f8...
    ),
    signatures = 12205774a822...
  )
)
2026-09-11 16:01:44,769 [canton-env-ec-32] INFO  c.d.c.t.p.TopologyStateProcessorOld:mediator=mediator1/store=mysynchronizer-setup tid:710b427d77b75b67492d5d54cc6ee11c - Storing topology transaction 1/1 TxHash(SHA-256:24e134b960da...) with ts=EffectiveTime(2026-09-11T15:01:44.763694Z), signedBy=Set(12205774a822...)
2026-09-11 16:01:44,771 [canton-env-ec-30] INFO  c.d.c.t.p.TopologyStateProcessorOld:mediator=mediator1/store=mysynchronizer-setup tid:710b427d77b75b67492d5d54cc6ee11c - Persisted topology transactions (SequencedTime(2026-09-11T15:01:44.763694Z), EffectiveTime(2026-09-11T15:01:44.763694Z)):
ValidatedTopologyTransaction(
  SignedTopologyTransaction(
    TopologyTransaction(
      MediatorSynchronizerState(mysynchronizer::122070a47a88..., NonNegativeNumeric(0), PositiveNumeric(1), Vector(MED::mediator1::12205774a822...), Vector()),
      serial = 1,
      operation = Replace,
      hash = SHA-256:24e134b960da...
    ),
    signatures = 12205774a822...
  )
)
2026-09-11 16:01:44,809 [canton-env-ec-30] INFO  c.d.c.t.p.TopologyStateProcessorOld:mediator=mediator1/store=mysynchronizer-setup tid:4001706c0e8f1a1cbb74bc23e606878d - Storing topology transaction 1/1 TxHash(SHA-256:ca0e375a0e2b...) with ts=EffectiveTime(2026-09-11T15:01:44.804708Z), signedBy=Set(12205774a822...)
2026-09-11 16:01:44,810 [canton-env-ec-30] INFO  c.d.c.t.p.TopologyStateProcessorOld:mediator=mediator1/store=mysynchronizer-setup tid:4001706c0e8f1a1cbb74bc23e606878d - Persisted topology transactions (SequencedTime(2026-09-11T15:01:44.804708Z), EffectiveTime(2026-09-11T15:01:44.804708Z)):
ValidatedTopologyTransaction(
  SignedTopologyTransaction(
    TopologyTransaction(
      SequencerSynchronizerState(mysynchronizer::122070a47a88..., PositiveNumeric(1), Vector(SEQ::sequencer1::1220cdcac772...), Vector()),
      serial = 1,
      operation = Replace,
      hash = SHA-256:ca0e375a0e2b...
    ),
    signatures = 12205774a822...
  )
)
2026-09-11 16:01:44,925 [canton-env-ec-29] INFO  c.d.c.s.s.SequencerNodeBootstrap$WaitForSequencerToSynchronizerInit:sequencer=sequencer1 tid:5975cdd30354f3d69eb0b105f9851211 - Assigning sequencer to synchronizer from beginning
2026-09-11 16:01:45,064 [canton-env-ec-29] INFO  c.d.c.t.p.InitialTopologySnapshotValidator:sequencer=sequencer1 tid:5975cdd30354f3d69eb0b105f9851211 - Validating 8/8 transactions to initialize the topology store mysynchronizer::122070a47a88...::34-0 with 1 sequencer times
2026-09-11 16:01:45,130 [canton-env-ec-31] INFO  c.d.c.t.p.TopologyStateProcessorOld:sequencer=sequencer1 tid:5975cdd30354f3d69eb0b105f9851211 - Storing topology transaction 1/8 TxHash(SHA-256:2eeb322f4f3d...) with ts=EffectiveTime(0001-01-01T00:00:00.000001Z), signedBy=Set(1220cdcac772...)
2026-09-11 16:01:45,131 [canton-env-ec-31] INFO  c.d.c.t.p.TopologyStateProcessorOld:sequencer=sequencer1 tid:5975cdd30354f3d69eb0b105f9851211 - Storing topology transaction 2/8 TxHash(SHA-256:9653666f8d53...) with ts=EffectiveTime(0001-01-01T00:00:00.000001Z), signedBy=Set(1220cdcac772..., 1220af9fd547..., 12208c5284e6...)
2026-09-11 16:01:45,131 [canton-env-ec-31] INFO  c.d.c.t.p.TopologyStateProcessorOld:sequencer=sequencer1 tid:5975cdd30354f3d69eb0b105f9851211 - Storing topology transaction 3/8 TxHash(SHA-256:8c49bb55a790...) with ts=EffectiveTime(0001-01-01T00:00:00.000001Z), signedBy=Set(12205774a822...)
2026-09-11 16:01:45,132 [canton-env-ec-31] INFO  c.d.c.t.p.TopologyStateProcessorOld:sequencer=sequencer1 tid:5975cdd30354f3d69eb0b105f9851211 - Storing topology transaction 4/8 TxHash(SHA-256:89c9dbde2b84...) with ts=EffectiveTime(0001-01-01T00:00:00.000001Z), signedBy=Set(12205774a822..., 1220f03f8713..., 1220596defe6...)
2026-09-11 16:01:45,133 [canton-env-ec-31] INFO  c.d.c.t.p.TopologyStateProcessorOld:sequencer=sequencer1 tid:5975cdd30354f3d69eb0b105f9851211 - Storing topology transaction 5/8 TxHash(SHA-256:5f71125dd68b...) with ts=EffectiveTime(0001-01-01T00:00:00.000001Z), signedBy=Set(1220cdcac772..., 12205774a822...)
2026-09-11 16:01:45,133 [canton-env-ec-31] INFO  c.d.c.t.p.TopologyStateProcessorOld:sequencer=sequencer1 tid:5975cdd30354f3d69eb0b105f9851211 - Storing topology transaction 6/8 TxHash(SHA-256:81db63fe36f8...) with ts=EffectiveTime(0001-01-01T00:00:00.000001Z), signedBy=Set(1220cdcac772..., 12205774a822...)
2026-09-11 16:01:45,134 [canton-env-ec-31] INFO  c.d.c.t.p.TopologyStateProcessorOld:sequencer=sequencer1 tid:5975cdd30354f3d69eb0b105f9851211 - Storing topology transaction 7/8 TxHash(SHA-256:24e134b960da...) with ts=EffectiveTime(0001-01-01T00:00:00.000001Z), signedBy=Set(1220cdcac772..., 12205774a822...)
2026-09-11 16:01:45,134 [canton-env-ec-31] INFO  c.d.c.t.p.TopologyStateProcessorOld:sequencer=sequencer1 tid:5975cdd30354f3d69eb0b105f9851211 - Storing topology transaction 8/8 TxHash(SHA-256:ca0e375a0e2b...) with ts=EffectiveTime(0001-01-01T00:00:00.000001Z), signedBy=Set(1220cdcac772..., 12205774a822...)
2026-09-11 16:01:45,140 [canton-env-ec-32] INFO  c.d.c.t.p.TopologyStateProcessorOld:sequencer=sequencer1 tid:5975cdd30354f3d69eb0b105f9851211 - Persisted topology transactions (SequencedTime(0001-01-01T00:00:00.000001Z), EffectiveTime(0001-01-01T00:00:00.000001Z)):
ValidatedTopologyTransaction(
  SignedTopologyTransaction(
    TopologyTransaction(
      NamespaceDelegation(1220cdcac772..., SigningPublicKey(id = 1220cdcac772..., format = DER-encoded X.509 SubjectPublicKeyInfo, keySpec = EC-Curve25519, usage = namespace), CanSignAllMappings),
      serial = 1,
      operation = Replace,
      hash = SHA-256:2eeb322f4f3d...
    ),
    signatures = 1220cdcac772...
  )
),
ValidatedTopologyTransaction(
  SignedTopologyTransaction(
    TopologyTransaction(
      OwnerToKeyMapping(
        SEQ::sequencer1::1220cdcac772...,
        Vector(
          SigningPublicKey(id = 1220af9fd547..., format = DER-encoded X.509 SubjectPublicKeyInfo, keySpec = EC-Curve25519, usage = Set(sequencer-auth, proof-of-ownership)),
          SigningPublicKey(id = 12208c5284e6..., format = DER-encoded X.509 SubjectPublicKeyInfo, keySpec = EC-Curve25519, usage = Set(signing, proof-of-ownership))
        )
      ),
      serial = 1,
      operation = Replace,
      hash = SHA-256:9653666f8d53...
    ),
    signatures = Seq(12208c5284e6..., 1220af9fd547..., 1220cdcac772...)
  )
),
ValidatedTopologyTransaction(
  SignedTopologyTransaction(
    TopologyTransaction(
      NamespaceDelegation(12205774a822..., SigningPublicKey(id = 12205774a822..., format = DER-encoded X.509 SubjectPublicKeyInfo, keySpec = EC-Curve25519, usage = namespace), CanSignAllMappings),
      serial = 1,
      operation = Replace,
      hash = SHA-256:8c49bb55a790...
    ),
    signatures = 12205774a822...
  )
),
ValidatedTopologyTransaction(
  SignedTopologyTransaction(
    TopologyTransaction(
      OwnerToKeyMapping(
        MED::mediator1::12205774a822...,
        Vector(
          SigningPublicKey(id = 1220f03f8713..., format = DER-encoded X.509 SubjectPublicKeyInfo, keySpec = EC-Curve25519, usage = Set(sequencer-auth, proof-of-ownership)),
          SigningPublicKey(id = 1220596defe6..., format = DER-encoded X.509 SubjectPublicKeyInfo, keySpec = EC-Curve25519, usage = Set(signing, proof-of-ownership))
        )
      ),
      serial = 1,
      operation = Replace,
      hash = SHA-256:89c9dbde2b84...
    ),
    signatures = Seq(12205774a822..., 1220596defe6..., 1220f03f8713...)
  )
),
ValidatedTopologyTransaction(
  SignedTopologyTransaction(
    TopologyTransaction(DecentralizedNamespaceDefinition(122070a47a88..., PositiveNumeric(1), Set(1220cdcac772..., 12205774a822...)), serial = 1, operation = Replace, hash = SHA-256:5f71125dd68b...),
    signatures = Seq(12205774a822..., 1220cdcac772...)
  )
),
ValidatedTopologyTransaction(
  SignedTopologyTransaction(
    TopologyTransaction(
      SynchronizerParametersState(
        mysynchronizer::122070a47a88...,
        DynamicSynchronizerParameters(
          confirmation response timeout = 30s,
          mediator reaction timeout = 30s,
          assignment exclusivity timeout = 1m,
          ledger time record time tolerance = 1m,
          mediator deduplication timeout = 48h,
          reconciliation interval = 1m,
          confirmation requests max rate = 1000000,
          max request size = 10485760,
          sequencer aggregate submission timeout = 6m,
          ACS commitment catchup = AcsCommitmentsCatchUpParameters(catchUpIntervalSkip = 5, nrIntervalsToTriggerCatchUp = 2),
          participant synchronizer limits = ParticipantSynchronizerLimits(confirmation requests max rate = 1000000),
          preparation time record time tolerance = 24h,
          onboarding restriction = UnrestrictedOpen
        )
      ),
      serial = 1,
      operation = Replace,
      hash = SHA-256:81db63fe36f8...
    ),
    signatures = Seq(12205774a822..., 1220cdcac772...)
  )
),
ValidatedTopologyTransaction(
  SignedTopologyTransaction(
    TopologyTransaction(
      MediatorSynchronizerState(mysynchronizer::122070a47a88..., NonNegativeNumeric(0), PositiveNumeric(1), Vector(MED::mediator1::12205774a822...), Vector()),
      serial = 1,
      operation = Replace,
      hash = SHA-256:24e134b960da...
    ),
    signatures = Seq(12205774a822..., 1220cdcac772...)
  )
),
ValidatedTopologyTransaction(
  SignedTopologyTransaction(
    TopologyTransaction(
      SequencerSynchronizerState(mysynchronizer::122070a47a88..., PositiveNumeric(1), Vector(SEQ::sequencer1::1220cdcac772...), Vector()),
      serial = 1,
      operation = Replace,
      hash = SHA-256:ca0e375a0e2b...
    ),
    signatures = Seq(12205774a822..., 1220cdcac772...)
  )
)
2026-09-11 16:01:45,141 [canton-env-ec-29] INFO  c.d.c.t.p.InitialTopologySnapshotValidator:sequencer=sequencer1 tid:5975cdd30354f3d69eb0b105f9851211 - Import validated and completed, verifying now that the result matches the imported snapshot.
2026-09-11 16:01:45,163 [canton-env-ec-29] INFO  c.d.c.t.p.InitialTopologySnapshotValidator:sequencer=sequencer1 tid:5975cdd30354f3d69eb0b105f9851211 - Successfully validated and imported 8 topology transactions into the topology store mysynchronizer::122070a47a88...::34-0.
2026-09-11 16:01:45,170 [canton-env-ec-29] INFO  c.d.c.s.s.SequencerNodeBootstrap$WaitForSequencerToSynchronizerInit:sequencer=sequencer1 - Finalizing initialization for synchronizer mysynchronizer::122070a47a88...::34-0
2026-09-11 16:01:45,320 [canton-env-ec-32] INFO  c.d.c.s.s.b.DriverBlockSequencerFactory:sequencer=sequencer1 tid:5975cdd30354f3d69eb0b105f9851211 - Creating reference sequencer at block height None
2026-09-11 16:01:45,590 [canton-env-ec-29] INFO  c.d.c.s.s.b.BlockSequencer:sequencer=sequencer1/psid=mysynchronizer::122070a47a88::34-0 - Subscribing to block source from 0
2026-09-11 16:01:45,729 [canton-env-ec-32] INFO  c.d.c.s.c.SequencerClientImplPekko:sequencer=sequencer1 - [SEQ::sequencer1::1220cdcac772...] Using new connection pool for synchronizer mysynchronizer::122070a47a88...::34-0
2026-09-11 16:01:45,781 [canton-env-ec-32] INFO  c.d.c.s.s.SequencerRuntime:sequencer=sequencer1/psid=mysynchronizer::122070a47a88::34-0 - Sequencer is healthy
2026-09-11 16:01:45,787 [canton-env-ec-32] INFO  c.d.c.s.s.SequencerRuntime:sequencer=sequencer1/psid=mysynchronizer::122070a47a88::34-0 tid:5975cdd30354f3d69eb0b105f9851211 - Subscribing to topology transactions for auto-registering members
2026-09-11 16:01:45,788 [canton-env-ec-32] INFO  c.d.c.s.s.SequencerRuntime:sequencer=sequencer1/psid=mysynchronizer::122070a47a88::34-0 tid:5975cdd30354f3d69eb0b105f9851211 - Subscribing to topology transactions for logical synchronizer upgrade announcements
2026-09-11 16:01:45,794 [canton-env-ec-32] INFO  c.d.c.s.s.SequencerRuntime:sequencer=sequencer1/psid=mysynchronizer::122070a47a88::34-0 tid:5975cdd30354f3d69eb0b105f9851211 - Subscribing to topology transactions for time-advancing broadcast
2026-09-11 16:01:45,876 [canton-env-ec-29] INFO  c.d.c.s.c.SequencerClientImplPekko:sequencer=sequencer1 tid:5975cdd30354f3d69eb0b105f9851211 - No event found up to 0001-01-01T00:00:00Z. Resubscribing from the beginning.
2026-09-11 16:01:45,877 [canton-env-ec-29] INFO  c.d.c.s.c.SequencerClientImplPekko:sequencer=sequencer1 tid:5975cdd30354f3d69eb0b105f9851211 - Processing events from the SequencedEventStore from 0001-01-01T00:00:00.000001Z on
2026-09-11 16:01:45,995 [canton-env-ec-29] INFO  c.d.c.s.s.SequencerRuntime:sequencer=sequencer1/psid=mysynchronizer::122070a47a88::34-0 tid:5975cdd30354f3d69eb0b105f9851211 - Sequencer runtime initialized
2026-09-11 16:01:46,011 [canton-env-ec-64] INFO  c.d.c.s.SequencerAggregatorPekko:sequencer=sequencer1 - 'sequencer-subscription-mysynchronizer::122070a47a88...::34-0' is now in state Ok(). Previous state was Not Initialized.
2026-09-11 16:01:46,041 [canton-env-ec-32] INFO  c.d.c.s.s.LocalSequencerStateEventSignaller:sequencer=sequencer1/psid=mysynchronizer::122070a47a88::34-0 tid:5975cdd30354f3d69eb0b105f9851211 - Creating signal source for SEQ::sequencer1::1220cdcac772... (id: 1)
2026-09-11 16:01:46,322 [canton-env-ec-29] INFO  c.d.c.h.MutableHealthQuasiComponent:sequencer=sequencer1 - 'sequencer' is now in state SequencerHealthStatus(active = true). Previous state was SequencerHealthStatus(active = false).
2026-09-11 16:01:46,324 [canton-env-ec-29] INFO  c.d.c.s.s.SequencerNodeBootstrap:sequencer=sequencer1 - 'sequencer-health-check-service' is now in state ServingStatus(status = 'SERVING'). Previous state was ServingStatus(status = 'NOT_SERVING').
2026-09-11 16:01:46,325 [canton-env-ec-29] INFO  c.d.c.s.s.SequencerNode:sequencer=sequencer1/psid=mysynchronizer::122070a47a88::34-0 - Creating sequencer server with public api PublicServerConfig(127.0.0.1,Some(6867),None,Some(BasicKeepAliveServerConfig(40s,20s,20s,false)),1m,1h,25,false,None,Duration.Inf,JwksCacheConfig(1000,5m,10s,10s),None)
2026-09-11 16:01:46,426 [canton-env-ec-64] INFO  c.d.c.s.m.MediatorNodeBootstrap$WaitForMediatorToSynchronizerInit:mediator=mediator1 tid:90485a653923d69d97c3746bb668e409 - Assigning mediator to mysynchronizer::122070a47a88...::34-0 via sequencers SequencerConnections(
  connections = Sequencer 'sequencer1' -> GrpcSequencerConnection(sequencerAlias = Sequencer 'sequencer1', endpoints = http://127.0.0.1:6867),
  sequencer trust threshold = 1,
  sequencer liveness margin = 0,
  submission request amplification = SubmissionRequestAmplification(factor = 1, patience = 0s),
  sequencer connection pool delays = SequencerConnectionPoolDelays(minRestartDelay = 0.01s, maxRestartDelay = 10s, warnValidationDelay = 20s, subscriptionRequestDelay = 1s)
)
2026-09-11 16:01:46,471 [canton-env-ec-64] INFO  c.d.c.n.g.ApiRequestLogger:sequencer=sequencer1 tid:829cac67ce67b36270b9cea4cab651ce - Request grpc.health.v1.Health/Watch by /127.0.0.1:52566: cancelled
2026-09-11 16:01:46,483 [canton-env-ec-30] INFO  c.d.c.n.g.ApiRequestLogger:sequencer=sequencer1 tid:397a06147450f93c717e05c5a3fa4d47 - Request grpc.health.v1.Health/Watch by /127.0.0.1:52567: cancelled
2026-09-11 16:01:46,511 [canton-env-ec-64] INFO  c.d.c.n.g.ApiRequestLogger:sequencer=sequencer1 tid:440be7f5a5b1a9167278cff6aed38e20 - Request grpc.health.v1.Health/Watch by /127.0.0.1:52568: cancelled
2026-09-11 16:01:46,515 [canton-env-ec-64] INFO  c.d.c.c.s.g.SequencerInfoLoader:mediator=mediator1 tid:90485a653923d69d97c3746bb668e409 - Version handshake with sequencer Sequencer 'sequencer1' and synchronizer using protocol version 34 succeeded.
2026-09-11 16:01:46,529 [canton-env-ec-30] INFO  c.d.c.n.g.ApiRequestLogger:sequencer=sequencer1 tid:957bafd18f813b6ea8385e20858cc28b - Request grpc.health.v1.Health/Watch by /127.0.0.1:52570: cancelled
2026-09-11 16:01:46,532 [canton-env-ec-30] INFO  c.d.c.c.s.g.SequencerInfoLoader:mediator=mediator1 tid:90485a653923d69d97c3746bb668e409 - Retrieved synchronizer information: bootstrap information is SynchronizerClientBootstrapInfo(mysynchronizer::122070a47a88...::34-0,SEQ::sequencer1::1220cdcac772...) and synchronizer parameters are StaticSynchronizerParameters(
  required signing specs = RequiredSigningSpecs(algorithms = Set(Ed25519, EC-DSA-SHA256, EC-DSA-SHA384), keys = Set(EC-Curve25519, EC-P256, EC-P384, EC-Secp256k1)),
  required encryption specs = RequiredEncryptionSpecs(algorithms = Set(ECIES_HMAC256_AES128-CBC, RSA-OAEP-SHA256), keys = Set(EC-P256, RSA-2048)),
  required symmetric key schemes = AES128-GCM,
  required hash algorithms = SHA-256,
  required crypto key formats = Set(Raw, DER-encoded X.509 SubjectPublicKeyInfo, DER-encoded PKCS #8 PrivateKeyInfo),
  topology change delay = 0s,
  enable transparency checks = false,
  protocol version = 34,
  serial = 0
)
2026-09-11 16:01:46,655 [canton-env-ec-32] INFO  c.d.c.s.GrpcInternalSequencerConnectionX:mediator=mediator1/psid=mysynchronizer::122070a47a88::34-0/pool=main/connection=sequencer1-0 - Starting internal-sequencer-connection-sequencer1-0
2026-09-11 16:01:46,661 [canton-env-ec-32] INFO  c.d.c.s.GrpcInternalSequencerConnectionX:mediator=mediator1/psid=mysynchronizer::122070a47a88::34-0/pool=main/connection=sequencer1-0 - 'internal-sequencer-connection-sequencer1-0' is now in state Starting. Previous state was Initial.
2026-09-11 16:01:46,664 [canton-env-ec-32] INFO  c.d.c.s.GrpcConnectionX:mediator=mediator1/psid=mysynchronizer::122070a47a88::34-0/pool=main/connection=sequencer1-0 - 'connection-sequencer1-0' is now in state Started. Previous state was Stopped.
2026-09-11 16:01:46,666 [canton-env-ec-32] INFO  c.d.c.s.GrpcInternalSequencerConnectionX:mediator=mediator1/psid=mysynchronizer::122070a47a88::34-0/pool=main/connection=sequencer1-0 - 'internal-sequencer-connection-sequencer1-0' is now in state Started. Previous state was Starting.
2026-09-11 16:01:46,724 [canton-env-ec-30] INFO  c.d.c.s.GrpcInternalSequencerConnectionX:mediator=mediator1/psid=mysynchronizer::122070a47a88::34-0/pool=main/connection=sequencer1-0 - 'internal-sequencer-connection-sequencer1-0' is now in state Validated. Previous state was Started.
2026-09-11 16:01:46,768 [canton-env-ec-30] INFO  c.d.c.s.SequencerConnectionXPoolImpl:mediator=mediator1/psid=mysynchronizer::122070a47a88::34-0/pool=main - 'sequencer-connection-pool' is now in state Ok(). Previous state was Not Initialized.
2026-09-11 16:01:46,811 [canton-env-ec-29] INFO  c.d.c.s.c.RichSequencerClientImpl:mediator=mediator1/psid=mysynchronizer::122070a47a88::34-0 - [MED::mediator1::12205774a822...] Using new connection pool for synchronizer mysynchronizer::122070a47a88...::34-0
2026-09-11 16:01:46,944 [canton-env-ec-31] INFO  c.d.c.s.s.a.MemberAuthenticationServiceImpl:sequencer=sequencer1/psid=mysynchronizer::122070a47a88::34-0 - MED::mediator1::12205774a822... authenticated new token with expiry 2026-09-11T16:01:46.943135Z
2026-09-11 16:01:46,977 [canton-env-ec-64] INFO  c.d.c.t.s.StoreBasedTopologyStateForInitializationService:sequencer=sequencer1/psid=mysynchronizer::122070a47a88::34-0 - Computing initial topology state hash at 0001-01-01T00:00:00.000001Z for MED::mediator1::12205774a822... active at EffectiveTime(0001-01-01T00:00:00.000001Z)
2026-09-11 16:01:46,991 [canton-env-ec-32] INFO  c.d.c.s.c.BftTopologyForInitDownloader$:mediator=mediator1/psid=mysynchronizer::122070a47a88::34-0 - Expecting topology state for init with hash TopologyStateForInitHashResponse(SHA-256:0151dc7a9cae...)
2026-09-11 16:01:47,002 [canton-env-ec-31] INFO  c.d.c.t.s.StoreBasedTopologyStateForInitializationService:sequencer=sequencer1/psid=mysynchronizer::122070a47a88::34-0 - Fetching initial topology state at 0001-01-01T00:00:00.000001Z for MED::mediator1::12205774a822... active at EffectiveTime(0001-01-01T00:00:00.000001Z)
2026-09-11 16:01:47,026 [canton-env-ec-31] INFO  c.d.c.s.c.BftTopologyForInitDownloader$:mediator=mediator1/psid=mysynchronizer::122070a47a88::34-0 - Successfully downloaded topology state for init with hash matching expected SHA-256:0151dc7a9cae...
2026-09-11 16:01:47,028 [canton-env-ec-31] INFO  c.d.c.t.p.InitialTopologySnapshotValidator:mediator=mediator1/psid=mysynchronizer::122070a47a88::34-0 - Validating 8/8 transactions to initialize the topology store mysynchronizer::122070a47a88...::34-0 with 1 sequencer times
2026-09-11 16:01:47,049 [canton-env-ec-29] INFO  c.d.c.t.p.TopologyStateProcessorOld:mediator=mediator1/psid=mysynchronizer::122070a47a88::34-0 - Storing topology transaction 1/8 TxHash(SHA-256:2eeb322f4f3d...) with ts=EffectiveTime(0001-01-01T00:00:00.000001Z), signedBy=Set(1220cdcac772...)
2026-09-11 16:01:47,050 [canton-env-ec-29] INFO  c.d.c.t.p.TopologyStateProcessorOld:mediator=mediator1/psid=mysynchronizer::122070a47a88::34-0 - Storing topology transaction 2/8 TxHash(SHA-256:9653666f8d53...) with ts=EffectiveTime(0001-01-01T00:00:00.000001Z), signedBy=Set(1220cdcac772..., 1220af9fd547..., 12208c5284e6...)
2026-09-11 16:01:47,050 [canton-env-ec-29] INFO  c.d.c.t.p.TopologyStateProcessorOld:mediator=mediator1/psid=mysynchronizer::122070a47a88::34-0 - Storing topology transaction 3/8 TxHash(SHA-256:8c49bb55a790...) with ts=EffectiveTime(0001-01-01T00:00:00.000001Z), signedBy=Set(12205774a822...)
2026-09-11 16:01:47,050 [canton-env-ec-29] INFO  c.d.c.t.p.TopologyStateProcessorOld:mediator=mediator1/psid=mysynchronizer::122070a47a88::34-0 - Storing topology transaction 4/8 TxHash(SHA-256:89c9dbde2b84...) with ts=EffectiveTime(0001-01-01T00:00:00.000001Z), signedBy=Set(12205774a822..., 1220f03f8713..., 1220596defe6...)
2026-09-11 16:01:47,050 [canton-env-ec-29] INFO  c.d.c.t.p.TopologyStateProcessorOld:mediator=mediator1/psid=mysynchronizer::122070a47a88::34-0 - Storing topology transaction 5/8 TxHash(SHA-256:5f71125dd68b...) with ts=EffectiveTime(0001-01-01T00:00:00.000001Z), signedBy=Set(1220cdcac772..., 12205774a822...)
2026-09-11 16:01:47,050 [canton-env-ec-29] INFO  c.d.c.t.p.TopologyStateProcessorOld:mediator=mediator1/psid=mysynchronizer::122070a47a88::34-0 - Storing topology transaction 6/8 TxHash(SHA-256:81db63fe36f8...) with ts=EffectiveTime(0001-01-01T00:00:00.000001Z), signedBy=Set(1220cdcac772..., 12205774a822...)
2026-09-11 16:01:47,052 [canton-env-ec-29] INFO  c.d.c.t.p.TopologyStateProcessorOld:mediator=mediator1/psid=mysynchronizer::122070a47a88::34-0 - Storing topology transaction 7/8 TxHash(SHA-256:24e134b960da...) with ts=EffectiveTime(0001-01-01T00:00:00.000001Z), signedBy=Set(1220cdcac772..., 12205774a822...)
2026-09-11 16:01:47,052 [canton-env-ec-29] INFO  c.d.c.t.p.TopologyStateProcessorOld:mediator=mediator1/psid=mysynchronizer::122070a47a88::34-0 - Storing topology transaction 8/8 TxHash(SHA-256:ca0e375a0e2b...) with ts=EffectiveTime(0001-01-01T00:00:00.000001Z), signedBy=Set(1220cdcac772..., 12205774a822...)
2026-09-11 16:01:47,063 [canton-env-ec-29] INFO  c.d.c.t.p.TopologyStateProcessorOld:mediator=mediator1/psid=mysynchronizer::122070a47a88::34-0 - Persisted topology transactions (SequencedTime(0001-01-01T00:00:00.000001Z), EffectiveTime(0001-01-01T00:00:00.000001Z)):
ValidatedTopologyTransaction(
  SignedTopologyTransaction(
    TopologyTransaction(
      NamespaceDelegation(1220cdcac772..., SigningPublicKey(id = 1220cdcac772..., format = DER-encoded X.509 SubjectPublicKeyInfo, keySpec = EC-Curve25519, usage = namespace), CanSignAllMappings),
      serial = 1,
      operation = Replace,
      hash = SHA-256:2eeb322f4f3d...
    ),
    signatures = 1220cdcac772...
  )
),
ValidatedTopologyTransaction(
  SignedTopologyTransaction(
    TopologyTransaction(
      OwnerToKeyMapping(
        SEQ::sequencer1::1220cdcac772...,
        Vector(
          SigningPublicKey(id = 1220af9fd547..., format = DER-encoded X.509 SubjectPublicKeyInfo, keySpec = EC-Curve25519, usage = Set(sequencer-auth, proof-of-ownership)),
          SigningPublicKey(id = 12208c5284e6..., format = DER-encoded X.509 SubjectPublicKeyInfo, keySpec = EC-Curve25519, usage = Set(signing, proof-of-ownership))
        )
      ),
      serial = 1,
      operation = Replace,
      hash = SHA-256:9653666f8d53...
    ),
    signatures = Seq(12208c5284e6..., 1220af9fd547..., 1220cdcac772...)
  )
),
ValidatedTopologyTransaction(
  SignedTopologyTransaction(
    TopologyTransaction(
      NamespaceDelegation(12205774a822..., SigningPublicKey(id = 12205774a822..., format = DER-encoded X.509 SubjectPublicKeyInfo, keySpec = EC-Curve25519, usage = namespace), CanSignAllMappings),
      serial = 1,
      operation = Replace,
      hash = SHA-256:8c49bb55a790...
    ),
    signatures = 12205774a822...
  )
),
ValidatedTopologyTransaction(
  SignedTopologyTransaction(
    TopologyTransaction(
      OwnerToKeyMapping(
        MED::mediator1::12205774a822...,
        Vector(
          SigningPublicKey(id = 1220f03f8713..., format = DER-encoded X.509 SubjectPublicKeyInfo, keySpec = EC-Curve25519, usage = Set(sequencer-auth, proof-of-ownership)),
          SigningPublicKey(id = 1220596defe6..., format = DER-encoded X.509 SubjectPublicKeyInfo, keySpec = EC-Curve25519, usage = Set(signing, proof-of-ownership))
        )
      ),
      serial = 1,
      operation = Replace,
      hash = SHA-256:89c9dbde2b84...
    ),
    signatures = Seq(12205774a822..., 1220596defe6..., 1220f03f8713...)
  )
),
ValidatedTopologyTransaction(
  SignedTopologyTransaction(
    TopologyTransaction(DecentralizedNamespaceDefinition(122070a47a88..., PositiveNumeric(1), Set(1220cdcac772..., 12205774a822...)), serial = 1, operation = Replace, hash = SHA-256:5f71125dd68b...),
    signatures = Seq(12205774a822..., 1220cdcac772...)
  )
),
ValidatedTopologyTransaction(
  SignedTopologyTransaction(
    TopologyTransaction(
      SynchronizerParametersState(
        mysynchronizer::122070a47a88...,
        DynamicSynchronizerParameters(
          confirmation response timeout = 30s,
          mediator reaction timeout = 30s,
          assignment exclusivity timeout = 1m,
          ledger time record time tolerance = 1m,
          mediator deduplication timeout = 48h,
          reconciliation interval = 1m,
          confirmation requests max rate = 1000000,
          max request size = 10485760,
          sequencer aggregate submission timeout = 6m,
          ACS commitment catchup = AcsCommitmentsCatchUpParameters(catchUpIntervalSkip = 5, nrIntervalsToTriggerCatchUp = 2),
          participant synchronizer limits = ParticipantSynchronizerLimits(confirmation requests max rate = 1000000),
          preparation time record time tolerance = 24h,
          onboarding restriction = UnrestrictedOpen
        )
      ),
      serial = 1,
      operation = Replace,
      hash = SHA-256:81db63fe36f8...
    ),
    signatures = Seq(12205774a822..., 1220cdcac772...)
  )
),
ValidatedTopologyTransaction(
  SignedTopologyTransaction(
    TopologyTransaction(
      MediatorSynchronizerState(mysynchronizer::122070a47a88..., NonNegativeNumeric(0), PositiveNumeric(1), Vector(MED::mediator1::12205774a822...), Vector()),
      serial = 1,
      operation = Replace,
      hash = SHA-256:24e134b960da...
    ),
    signatures = Seq(12205774a822..., 1220cdcac772...)
  )
),
ValidatedTopologyTransaction(
  SignedTopologyTransaction(
    TopologyTransaction(
      SequencerSynchronizerState(mysynchronizer::122070a47a88..., PositiveNumeric(1), Vector(SEQ::sequencer1::1220cdcac772...), Vector()),
      serial = 1,
      operation = Replace,
      hash = SHA-256:ca0e375a0e2b...
    ),
    signatures = Seq(12205774a822..., 1220cdcac772...)
  )
)
2026-09-11 16:01:47,063 [canton-env-ec-32] INFO  c.d.c.t.p.InitialTopologySnapshotValidator:mediator=mediator1/psid=mysynchronizer::122070a47a88::34-0 - Import validated and completed, verifying now that the result matches the imported snapshot.
2026-09-11 16:01:47,066 [canton-env-ec-31] INFO  c.d.c.t.p.InitialTopologySnapshotValidator:mediator=mediator1/psid=mysynchronizer::122070a47a88::34-0 - Successfully validated and imported 8 topology transactions into the topology store mysynchronizer::122070a47a88...::34-0.
2026-09-11 16:01:47,155 [canton-env-ec-31] INFO  c.d.c.s.c.RichSequencerClientImpl:mediator=mediator1/psid=mysynchronizer::122070a47a88::34-0 - No event found up to 0001-01-01T00:00:00Z. Resubscribing from the beginning.
2026-09-11 16:01:47,157 [canton-env-ec-31] INFO  c.d.c.s.c.RichSequencerClientImpl:mediator=mediator1/psid=mysynchronizer::122070a47a88::34-0 - Processing events from the SequencedEventStore from 0001-01-01T00:00:00.000001Z on
2026-09-11 16:01:47,187 [canton-env-ec-32] INFO  c.d.c.s.SequencerSubscriptionX:mediator=mediator1/psid=mysynchronizer::122070a47a88::34-0/connection=sequencer-connection-sequencer1-0 - Starting subscription at the beginning
2026-09-11 16:01:47,210 [canton-env-ec-32] INFO  c.d.c.s.SequencerSubscriptionX:mediator=mediator1/psid=mysynchronizer::122070a47a88::34-0/connection=sequencer-connection-sequencer1-0 - 'subscription-sequencer-connection-sequencer1-0' is now in state Ok(). Previous state was Failed().
2026-09-11 16:01:47,212 [canton-env-ec-32] INFO  c.d.c.s.SequencerSubscriptionPoolImpl:mediator=mediator1/psid=mysynchronizer::122070a47a88::34-0 - 'sequencer-subscription-pool' is now in state Ok(). Previous state was Not Initialized.
2026-09-11 16:01:47,213 [canton-env-ec-32] INFO  c.d.c.h.DelegatingMutableHealthComponent:mediator=mediator1/psid=mysynchronizer::122070a47a88::34-0 - 'sequencer-client' is now in state Ok(). Previous state was Not Initialized.
2026-09-11 16:01:47,213 [canton-env-ec-32] INFO  c.d.c.h.MutableHealthComponent:mediator=mediator1 - 'sequencer-client' is now in state Ok(). Previous state was Not Initialized.
2026-09-11 16:01:47,217 [canton-env-ec-64] INFO  c.d.c.s.s.s.GrpcSequencerService:sequencer=sequencer1 - MED::mediator1::12205774a822... subscribes from timestamp=None
2026-09-11 16:01:47,227 [canton-env-ec-31] INFO  c.d.c.s.s.LocalSequencerStateEventSignaller:sequencer=sequencer1/psid=mysynchronizer::122070a47a88::34-0 - Creating signal source for MED::mediator1::12205774a822... (id: 0)
2026-09-11 16:01:47,245 [canton-env-ec-31] INFO  c.d.c.s.s.s.SubscriptionPool:sequencer=sequencer1 - Adding subscription for MED::mediator1::12205774a822... to pool with 1 active
2026-09-11 16:01:47,255 [canton-env-ec-31] INFO  c.d.c.t.TemporaryStoreRegistry:sequencer=sequencer1 tid:5397010043bd21a5e35f27a92dfdca86 - Dropping temporary topology store mysynchronizer-setup
2026-09-11 16:01:47,269 [canton-env-ec-64] INFO  c.d.c.t.TemporaryStoreRegistry:mediator=mediator1 tid:9394e013da45d21c85fe9b7ceec2a74d - Dropping temporary topology store mysynchronizer-setup
2026-09-11 16:01:47,356 [canton-env-ec-32] INFO  c.d.c.p.a.g.GrpcSynchronizerConnectivityService:participant=sandbox tid:30f811eddc7be33cb1ac8497aeecad7c - Registering new synchronizer SynchronizerConnectionConfig(
  synchronizer = Synchronizer 'mysynchronizer',
  sequencerConnections = SequencerConnections(
    connections = Sequencer 'sequencer1' -> GrpcSequencerConnection(sequencerAlias = Sequencer 'sequencer1', endpoints = http://127.0.0.1:6867),
    sequencer trust threshold = 1,
    sequencer liveness margin = 0,
    submission request amplification = SubmissionRequestAmplification(factor = 1, patience = 0s),
    sequencer connection pool delays = SequencerConnectionPoolDelays(minRestartDelay = 0.01s, maxRestartDelay = 10s, warnValidationDelay = 20s, subscriptionRequestDelay = 1s)
  ),
  manualConnect = false
)
2026-09-11 16:01:47,372 [canton-env-ec-64] INFO  c.d.c.n.g.ApiRequestLogger:sequencer=sequencer1 tid:c465b5042a8ca7f6fd48c06b9068b78b - Request grpc.health.v1.Health/Watch by /127.0.0.1:52596: cancelled
2026-09-11 16:01:47,380 [canton-env-ec-64] INFO  c.d.c.n.g.ApiRequestLogger:sequencer=sequencer1 tid:72ecd678a3520748b8d6b2ae1c94e142 - Request grpc.health.v1.Health/Watch by /127.0.0.1:52598: cancelled
2026-09-11 16:01:47,390 [canton-env-ec-31] INFO  c.d.c.n.g.ApiRequestLogger:sequencer=sequencer1 tid:c9c4c88ac9f5ffe51e5561831dfb4bbc - Request grpc.health.v1.Health/Watch by /127.0.0.1:52599: cancelled
2026-09-11 16:01:47,390 [canton-env-ec-31] INFO  c.d.c.c.s.g.SequencerInfoLoader:participant=sandbox tid:30f811eddc7be33cb1ac8497aeecad7c - Version handshake with sequencer Sequencer 'sequencer1' and synchronizer using protocol version 34 succeeded.
2026-09-11 16:01:47,405 [canton-env-ec-31] INFO  c.d.c.n.g.ApiRequestLogger:sequencer=sequencer1 tid:b0374ab93618f49930be5f745e9398e0 - Request grpc.health.v1.Health/Watch by /127.0.0.1:52600: cancelled
2026-09-11 16:01:47,405 [canton-env-ec-30] INFO  c.d.c.c.s.g.SequencerInfoLoader:participant=sandbox tid:30f811eddc7be33cb1ac8497aeecad7c - Retrieved synchronizer information: bootstrap information is SynchronizerClientBootstrapInfo(mysynchronizer::122070a47a88...::34-0,SEQ::sequencer1::1220cdcac772...) and synchronizer parameters are StaticSynchronizerParameters(
  required signing specs = RequiredSigningSpecs(algorithms = Set(Ed25519, EC-DSA-SHA256, EC-DSA-SHA384), keys = Set(EC-Curve25519, EC-P256, EC-P384, EC-Secp256k1)),
  required encryption specs = RequiredEncryptionSpecs(algorithms = Set(ECIES_HMAC256_AES128-CBC, RSA-OAEP-SHA256), keys = Set(EC-P256, RSA-2048)),
  required symmetric key schemes = AES128-GCM,
  required hash algorithms = SHA-256,
  required crypto key formats = Set(Raw, DER-encoded X.509 SubjectPublicKeyInfo, DER-encoded PKCS #8 PrivateKeyInfo),
  topology change delay = 0s,
  enable transparency checks = false,
  protocol version = 34,
  serial = 0
)
2026-09-11 16:01:47,446 [canton-env-ec-32] INFO  c.d.c.p.a.g.GrpcSynchronizerConnectivityService:participant=sandbox tid:30f811eddc7be33cb1ac8497aeecad7c - Connecting to synchronizer SynchronizerConnectionConfig(
  synchronizer = Synchronizer 'mysynchronizer',
  sequencerConnections = SequencerConnections(
    connections = Sequencer 'sequencer1' -> GrpcSequencerConnection(sequencerAlias = Sequencer 'sequencer1', endpoints = http://127.0.0.1:6867),
    sequencer trust threshold = 1,
    sequencer liveness margin = 0,
    submission request amplification = SubmissionRequestAmplification(factor = 1, patience = 0s),
    sequencer connection pool delays = SequencerConnectionPoolDelays(minRestartDelay = 0.01s, maxRestartDelay = 10s, warnValidationDelay = 20s, subscriptionRequestDelay = 1s)
  ),
  manualConnect = false
)
2026-09-11 16:01:47,474 [canton-env-ec-31] INFO  c.d.c.s.GrpcInternalSequencerConnectionX:participant=sandbox/synchronizerAlias=Synchronizer 'mysynchronizer'/pool=main/connection=sequencer1-0 tid:30f811eddc7be33cb1ac8497aeecad7c - Starting internal-sequencer-connection-sequencer1-0
2026-09-11 16:01:47,475 [canton-env-ec-31] INFO  c.d.c.s.GrpcInternalSequencerConnectionX:participant=sandbox/synchronizerAlias=Synchronizer 'mysynchronizer'/pool=main/connection=sequencer1-0 tid:30f811eddc7be33cb1ac8497aeecad7c - 'internal-sequencer-connection-sequencer1-0' is now in state Starting. Previous state was Initial.
2026-09-11 16:01:47,476 [canton-env-ec-31] INFO  c.d.c.s.GrpcConnectionX:participant=sandbox/synchronizerAlias=Synchronizer 'mysynchronizer'/pool=main/connection=sequencer1-0 tid:30f811eddc7be33cb1ac8497aeecad7c - 'connection-sequencer1-0' is now in state Started. Previous state was Stopped.
2026-09-11 16:01:47,476 [canton-env-ec-31] INFO  c.d.c.s.GrpcInternalSequencerConnectionX:participant=sandbox/synchronizerAlias=Synchronizer 'mysynchronizer'/pool=main/connection=sequencer1-0 tid:30f811eddc7be33cb1ac8497aeecad7c - 'internal-sequencer-connection-sequencer1-0' is now in state Started. Previous state was Starting.
2026-09-11 16:01:47,492 [canton-env-ec-31] INFO  c.d.c.s.GrpcInternalSequencerConnectionX:participant=sandbox/synchronizerAlias=Synchronizer 'mysynchronizer'/pool=main/connection=sequencer1-0 tid:30f811eddc7be33cb1ac8497aeecad7c - 'internal-sequencer-connection-sequencer1-0' is now in state Validated. Previous state was Started.
2026-09-11 16:01:47,493 [canton-env-ec-31] INFO  c.d.c.s.SequencerConnectionXPoolImpl:participant=sandbox/synchronizerAlias=Synchronizer 'mysynchronizer'/pool=main tid:30f811eddc7be33cb1ac8497aeecad7c - 'sequencer-connection-pool' is now in state Ok(). Previous state was Not Initialized.
2026-09-11 16:01:47,597 [canton-env-ec-32] INFO  c.d.c.t.p.TopologyStateProcessorOld:participant=sandbox/store=Authorized tid:30f811eddc7be33cb1ac8497aeecad7c - Storing topology transaction 1/1 TxHash(SHA-256:83ce85b31cdf...) with ts=EffectiveTime(2026-09-11T15:01:47.595513Z), signedBy=Set(122038b10468...)
2026-09-11 16:01:47,597 [canton-env-ec-64] INFO  c.d.c.t.p.TopologyStateProcessorOld:participant=sandbox/store=Authorized tid:30f811eddc7be33cb1ac8497aeecad7c - Persisted topology transactions (SequencedTime(2026-09-11T15:01:47.595513Z), EffectiveTime(2026-09-11T15:01:47.595513Z)):
ValidatedTopologyTransaction(
  SignedTopologyTransaction(
    TopologyTransaction(SynchronizerTrustCertificate(PAR::sandbox::122038b10468..., mysynchronizer::122070a47a88..., Nil), serial = 1, operation = Replace, hash = SHA-256:83ce85b31cdf...),
    signatures = 122038b10468...
  )
)
2026-09-11 16:01:47,645 [canton-env-ec-29] INFO  c.d.c.n.g.ApiRequestLogger:sequencer=sequencer1 tid:55a1066d21438324249b52680ab73995 - Request grpc.health.v1.Health/Watch by /127.0.0.1:52606: cancelled
2026-09-11 16:01:47,725 [canton-env-ec-64] INFO  c.d.c.t.p.TopologyStateProcessorOld:sequencer=sequencer1 tid:30f811eddc7be33cb1ac8497aeecad7c - Enqueuing topology transaction 1/3 TxHash(SHA-256:72185d12642c...) with ts=EffectiveTime(0001-01-01T00:00:00.000002Z), signedBy=Set(122038b10468...)
2026-09-11 16:01:47,726 [canton-env-ec-64] INFO  c.d.c.t.p.TopologyStateProcessorOld:sequencer=sequencer1 tid:30f811eddc7be33cb1ac8497aeecad7c - Enqueuing topology transaction 2/3 TxHash(SHA-256:f131e64c7cb8...) with ts=EffectiveTime(0001-01-01T00:00:00.000002Z), signedBy=Set(122038b10468..., 1220e78f230e..., 12201db65b55...)
2026-09-11 16:01:47,727 [canton-env-ec-64] INFO  c.d.c.t.p.TopologyStateProcessorOld:sequencer=sequencer1 tid:30f811eddc7be33cb1ac8497aeecad7c - Enqueuing topology transaction 3/3 TxHash(SHA-256:83ce85b31cdf...) with ts=EffectiveTime(0001-01-01T00:00:00.000002Z), signedBy=Set(122038b10468...)
2026-09-11 16:01:47,733 [canton-env-ec-64] INFO  c.d.c.t.p.TopologyStateProcessorOld:sequencer=sequencer1 tid:30f811eddc7be33cb1ac8497aeecad7c - Enqueued topology transactions:
ValidatedTopologyTransaction(
  SignedTopologyTransaction(
    TopologyTransaction(
      NamespaceDelegation(122038b10468..., SigningPublicKey(id = 122038b10468..., format = DER-encoded X.509 SubjectPublicKeyInfo, keySpec = EC-Curve25519, usage = namespace), CanSignAllMappings),
      serial = 1,
      operation = Replace,
      hash = SHA-256:72185d12642c...
    ),
    signatures = 122038b10468...
  )
),
ValidatedTopologyTransaction(
  SignedTopologyTransaction(
    TopologyTransaction(
      OwnerToKeyMapping(
        PAR::sandbox::122038b10468...,
        Vector(
          SigningPublicKey(id = 1220e78f230e..., format = DER-encoded X.509 SubjectPublicKeyInfo, keySpec = EC-Curve25519, usage = Set(sequencer-auth, proof-of-ownership)),
          SigningPublicKey(id = 12201db65b55..., format = DER-encoded X.509 SubjectPublicKeyInfo, keySpec = EC-Curve25519, usage = Set(signing, proof-of-ownership)),
          EncryptionPublicKey(id = 1220d95a954b..., format = DER-encoded X.509 SubjectPublicKeyInfo, keySpec = EC-P256)
        )
      ),
      serial = 1,
      operation = Replace,
      hash = SHA-256:f131e64c7cb8...
    ),
    signatures = Seq(12201db65b55..., 122038b10468..., 1220e78f230e...)
  )
),
ValidatedTopologyTransaction(
  SignedTopologyTransaction(
    TopologyTransaction(SynchronizerTrustCertificate(PAR::sandbox::122038b10468..., mysynchronizer::122070a47a88..., Vector()), serial = 1, operation = Replace, hash = SHA-256:83ce85b31cdf...),
    signatures = 122038b10468...
  )
)
2026-09-11 16:01:47,766 [canton-env-ec-31] INFO  c.d.c.n.g.ApiRequestLogger:sequencer=sequencer1 tid:6f7e9aee51ae70e08ebf1e50786b5e60 - Request grpc.health.v1.Health/Watch by /127.0.0.1:52608: cancelled
2026-09-11 16:01:47,791 [canton-env-ec-31] INFO  c.d.c.n.g.ApiRequestLogger:sequencer=sequencer1 tid:a242a166e5a688d26e7fd75705290274 - Request grpc.health.v1.Health/Watch by /127.0.0.1:52613: cancelled
2026-09-11 16:01:47,795 [canton-env-ec-64] INFO  c.d.c.c.s.g.GrpcSequencerConnectClient:participant=sandbox/synchronizerAlias=Synchronizer 'mysynchronizer'/sequencerAlias=sequencer1/sequencerConnection=127_0_0_1:6867 tid:30f811eddc7be33cb1ac8497aeecad7c - The operation 'verify active' was not successful. New kind of error: no success error (request infinite retries). Retrying after 0.5s. Result: Outcome(Right(false)). 
2026-09-11 16:01:48,166 [canton-env-ec-64] INFO  c.d.c.s.b.u.BlockChunkProcessor:sequencer=sequencer1/psid=mysynchronizer::122070a47a88::34-0 tid:125a85c7ab8ffd2bbdf870ac269420aa - Processing block 0, data chunk 0. Last chunk timestamp=1970-01-01T00:00:00Z, last sequencer event timestamp=None. 1 events:
  Send of 'ee5c4d03-755a-470d-8336-65f84d599198' at 2026-09-11T15:01:47.974887Z (tc=125a85c7ab8ffd2bbdf870ac269420aa)
2026-09-11 16:01:48,181 [canton-env-ec-64] INFO  c.d.c.s.b.u.BlockChunkProcessor:sequencer=sequencer1/psid=mysynchronizer::122070a47a88::34-0 tid:125a85c7ab8ffd2bbdf870ac269420aa - Using approximate topology snapshot at 0001-01-01T00:00:00.000002Z for desired timestamp 1970-01-01T00:00:00Z
2026-09-11 16:01:48,181 [canton-env-ec-32] INFO  c.d.c.s.b.u.BlockChunkProcessor:sequencer=sequencer1/psid=mysynchronizer::122070a47a88::34-0 tid:125a85c7ab8ffd2bbdf870ac269420aa - Using approximate topology snapshot at 0001-01-01T00:00:00.000002Z for desired timestamp 2026-09-11T15:01:47.974887Z
2026-09-11 16:01:48,248 [canton-env-ec-31] INFO  c.d.c.s.s.t.EnterpriseSequencerRateLimitManager:sequencer=sequencer1 tid:125a85c7ab8ffd2bbdf870ac269420aa - Using approximate topology snapshot at 0001-01-01T00:00:00.000002Z for desired timestamp 2026-09-11T15:01:47.974887Z
2026-09-11 16:01:48,307 [canton-env-ec-31] INFO  c.d.c.c.s.g.GrpcSequencerConnectClient:participant=sandbox/synchronizerAlias=Synchronizer 'mysynchronizer'/sequencerAlias=sequencer1/sequencerConnection=127_0_0_1:6867 tid:30f811eddc7be33cb1ac8497aeecad7c - Now retrying operation 'verify active'. 
2026-09-11 16:01:48,323 [canton-env-ec-32] INFO  c.d.c.n.g.ApiRequestLogger:sequencer=sequencer1 tid:d86ece210241ddb747bf4cae9f80be9c - Request grpc.health.v1.Health/Watch by /127.0.0.1:52627: cancelled
2026-09-11 16:01:48,323 [canton-env-ec-31] INFO  c.d.c.c.s.g.GrpcSequencerConnectClient:participant=sandbox/synchronizerAlias=Synchronizer 'mysynchronizer'/sequencerAlias=sequencer1/sequencerConnection=127_0_0_1:6867 tid:30f811eddc7be33cb1ac8497aeecad7c - The operation 'verify active' was not successful. Retrying after 0.5s. Result: Outcome(Right(false)). 
2026-09-11 16:01:48,413 [canton-env-ec-31] INFO  c.d.c.s.c.SequencedEventValidatorImpl:mediator=mediator1/psid=mysynchronizer::122070a47a88::34-0/connection=sequencer-connection-sequencer1-0 tid:125a85c7ab8ffd2bbdf870ac269420aa - Skipping signature verification of the first sequenced event due to a fresh subscription from SEQ::sequencer1::1220cdcac772...
2026-09-11 16:01:48,416 [canton-env-ec-31] INFO  c.d.c.s.SubscriptionHandlerX:mediator=mediator1/psid=mysynchronizer::122070a47a88::34-0/connection=sequencer-connection-sequencer1-0 tid:125a85c7ab8ffd2bbdf870ac269420aa - Caught up with sequencer on batch with timestamp = 2026-09-11T15:01:47.974887Z; delta = PT0.440973S (threshold = PT2562047788015215H30M7.999999999S)
2026-09-11 16:01:48,428 [canton-env-ec-64] INFO  c.d.c.s.m.Mediator:mediator=mediator1/psid=mysynchronizer::122070a47a88::34-0 tid:125a85c7ab8ffd2bbdf870ac269420aa - Caught up with sequencer on batch with timestamp = 2026-09-11T15:01:47.974887Z; delta = PT0.45381S (threshold = PT20S)
2026-09-11 16:01:48,482 [canton-env-ec-29] INFO  c.d.c.t.p.TopologyStateProcessorOld:mediator=mediator1/psid=mysynchronizer::122070a47a88::34-0 tid:125a85c7ab8ffd2bbdf870ac269420aa - Storing topology transaction 1/3 TxHash(SHA-256:72185d12642c...) with ts=EffectiveTime(2026-09-11T15:01:47.974887Z), signedBy=Set(122038b10468...)
2026-09-11 16:01:48,482 [canton-env-ec-29] INFO  c.d.c.t.p.TopologyStateProcessorOld:mediator=mediator1/psid=mysynchronizer::122070a47a88::34-0 tid:125a85c7ab8ffd2bbdf870ac269420aa - Storing topology transaction 2/3 TxHash(SHA-256:f131e64c7cb8...) with ts=EffectiveTime(2026-09-11T15:01:47.974887Z), signedBy=Set(122038b10468..., 1220e78f230e..., 12201db65b55...)
2026-09-11 16:01:48,482 [canton-env-ec-29] INFO  c.d.c.t.p.TopologyStateProcessorOld:mediator=mediator1/psid=mysynchronizer::122070a47a88::34-0 tid:125a85c7ab8ffd2bbdf870ac269420aa - Storing topology transaction 3/3 TxHash(SHA-256:83ce85b31cdf...) with ts=EffectiveTime(2026-09-11T15:01:47.974887Z), signedBy=Set(122038b10468...)
2026-09-11 16:01:48,482 [canton-env-ec-32] INFO  c.d.c.t.p.TopologyStateProcessorOld:sequencer=sequencer1/psid=mysynchronizer::122070a47a88::34-0 tid:125a85c7ab8ffd2bbdf870ac269420aa - Storing topology transaction 1/3 TxHash(SHA-256:72185d12642c...) with ts=EffectiveTime(2026-09-11T15:01:47.974887Z), signedBy=Set(122038b10468...)
2026-09-11 16:01:48,484 [canton-env-ec-32] INFO  c.d.c.t.p.TopologyStateProcessorOld:sequencer=sequencer1/psid=mysynchronizer::122070a47a88::34-0 tid:125a85c7ab8ffd2bbdf870ac269420aa - Storing topology transaction 2/3 TxHash(SHA-256:f131e64c7cb8...) with ts=EffectiveTime(2026-09-11T15:01:47.974887Z), signedBy=Set(122038b10468..., 1220e78f230e..., 12201db65b55...)
2026-09-11 16:01:48,484 [canton-env-ec-32] INFO  c.d.c.t.p.TopologyStateProcessorOld:sequencer=sequencer1/psid=mysynchronizer::122070a47a88::34-0 tid:125a85c7ab8ffd2bbdf870ac269420aa - Storing topology transaction 3/3 TxHash(SHA-256:83ce85b31cdf...) with ts=EffectiveTime(2026-09-11T15:01:47.974887Z), signedBy=Set(122038b10468...)
2026-09-11 16:01:48,486 [canton-env-ec-29] INFO  c.d.c.t.p.TopologyStateProcessorOld:mediator=mediator1/psid=mysynchronizer::122070a47a88::34-0 tid:125a85c7ab8ffd2bbdf870ac269420aa - Persisted topology transactions (SequencedTime(2026-09-11T15:01:47.974887Z), EffectiveTime(2026-09-11T15:01:47.974887Z)):
ValidatedTopologyTransaction(
  SignedTopologyTransaction(
    TopologyTransaction(
      NamespaceDelegation(122038b10468..., SigningPublicKey(id = 122038b10468..., format = DER-encoded X.509 SubjectPublicKeyInfo, keySpec = EC-Curve25519, usage = namespace), CanSignAllMappings),
      serial = 1,
      operation = Replace,
      hash = SHA-256:72185d12642c...
    ),
    signatures = 122038b10468...
  )
),
ValidatedTopologyTransaction(
  SignedTopologyTransaction(
    TopologyTransaction(
      OwnerToKeyMapping(
        PAR::sandbox::122038b10468...,
        Vector(
          SigningPublicKey(id = 1220e78f230e..., format = DER-encoded X.509 SubjectPublicKeyInfo, keySpec = EC-Curve25519, usage = Set(sequencer-auth, proof-of-ownership)),
          SigningPublicKey(id = 12201db65b55..., format = DER-encoded X.509 SubjectPublicKeyInfo, keySpec = EC-Curve25519, usage = Set(signing, proof-of-ownership)),
          EncryptionPublicKey(id = 1220d95a954b..., format = DER-encoded X.509 SubjectPublicKeyInfo, keySpec = EC-P256)
        )
      ),
      serial = 1,
      operation = Replace,
      hash = SHA-256:f131e64c7cb8...
    ),
    signatures = Seq(12201db65b55..., 122038b10468..., 1220e78f230e...)
  )
),
ValidatedTopologyTransaction(
  SignedTopologyTransaction(
    TopologyTransaction(SynchronizerTrustCertificate(PAR::sandbox::122038b10468..., mysynchronizer::122070a47a88..., Vector()), serial = 1, operation = Replace, hash = SHA-256:83ce85b31cdf...),
    signatures = 122038b10468...
  )
)
2026-09-11 16:01:48,486 [canton-env-ec-32] INFO  c.d.c.t.p.TopologyStateProcessorOld:sequencer=sequencer1/psid=mysynchronizer::122070a47a88::34-0 tid:125a85c7ab8ffd2bbdf870ac269420aa - Persisted topology transactions (SequencedTime(2026-09-11T15:01:47.974887Z), EffectiveTime(2026-09-11T15:01:47.974887Z)):
ValidatedTopologyTransaction(
  SignedTopologyTransaction(
    TopologyTransaction(
      NamespaceDelegation(122038b10468..., SigningPublicKey(id = 122038b10468..., format = DER-encoded X.509 SubjectPublicKeyInfo, keySpec = EC-Curve25519, usage = namespace), CanSignAllMappings),
      serial = 1,
      operation = Replace,
      hash = SHA-256:72185d12642c...
    ),
    signatures = 122038b10468...
  )
),
ValidatedTopologyTransaction(
  SignedTopologyTransaction(
    TopologyTransaction(
      OwnerToKeyMapping(
        PAR::sandbox::122038b10468...,
        Vector(
          SigningPublicKey(id = 1220e78f230e..., format = DER-encoded X.509 SubjectPublicKeyInfo, keySpec = EC-Curve25519, usage = Set(sequencer-auth, proof-of-ownership)),
          SigningPublicKey(id = 12201db65b55..., format = DER-encoded X.509 SubjectPublicKeyInfo, keySpec = EC-Curve25519, usage = Set(signing, proof-of-ownership)),
          EncryptionPublicKey(id = 1220d95a954b..., format = DER-encoded X.509 SubjectPublicKeyInfo, keySpec = EC-P256)
        )
      ),
      serial = 1,
      operation = Replace,
      hash = SHA-256:f131e64c7cb8...
    ),
    signatures = Seq(12201db65b55..., 122038b10468..., 1220e78f230e...)
  )
),
ValidatedTopologyTransaction(
  SignedTopologyTransaction(
    TopologyTransaction(SynchronizerTrustCertificate(PAR::sandbox::122038b10468..., mysynchronizer::122070a47a88..., Vector()), serial = 1, operation = Replace, hash = SHA-256:83ce85b31cdf...),
    signatures = 122038b10468...
  )
)
2026-09-11 16:01:48,490 [canton-env-ec-32] INFO  c.d.c.s.s.SequencerRuntime:sequencer=sequencer1/psid=mysynchronizer::122070a47a88::34-0 tid:125a85c7ab8ffd2bbdf870ac269420aa - Topology change has triggered sequencer registration of member PAR::sandbox::122038b10468...
2026-09-11 16:01:48,828 [canton-env-ec-64] INFO  c.d.c.c.s.g.GrpcSequencerConnectClient:participant=sandbox/synchronizerAlias=Synchronizer 'mysynchronizer'/sequencerAlias=sequencer1/sequencerConnection=127_0_0_1:6867 tid:30f811eddc7be33cb1ac8497aeecad7c - Now retrying operation 'verify active'. 
2026-09-11 16:01:48,851 [canton-env-ec-31] INFO  c.d.c.n.g.ApiRequestLogger:sequencer=sequencer1 tid:5f1d8bbbcd5720a862dcb4561263573a - Request grpc.health.v1.Health/Watch by /127.0.0.1:52640: cancelled
2026-09-11 16:01:48,853 [canton-env-ec-29] INFO  c.d.c.s.c.RichSequencerClientImpl:participant=sandbox/psid=mysynchronizer::122070a47a88::34-0 - [PAR::sandbox::122038b10468...] Using new connection pool for synchronizer mysynchronizer::122070a47a88...::34-0
2026-09-11 16:01:48,870 [canton-env-ec-64] INFO  c.d.c.s.s.a.MemberAuthenticationServiceImpl:sequencer=sequencer1/psid=mysynchronizer::122070a47a88::34-0 tid:30f811eddc7be33cb1ac8497aeecad7c - PAR::sandbox::122038b10468... authenticated new token with expiry 2026-09-11T16:01:48.870036Z
2026-09-11 16:01:48,874 [canton-env-ec-32] INFO  c.d.c.t.s.StoreBasedTopologyStateForInitializationService:sequencer=sequencer1/psid=mysynchronizer::122070a47a88::34-0 tid:30f811eddc7be33cb1ac8497aeecad7c - Computing initial topology state hash at 2026-09-11T15:01:47.974887Z for PAR::sandbox::122038b10468... active at EffectiveTime(2026-09-11T15:01:47.974887Z)
2026-09-11 16:01:48,877 [canton-env-ec-64] INFO  c.d.c.s.c.BftTopologyForInitDownloader$:participant=sandbox/psid=mysynchronizer::122070a47a88::34-0 tid:30f811eddc7be33cb1ac8497aeecad7c - Expecting topology state for init with hash TopologyStateForInitHashResponse(SHA-256:3983c1e83318...)
2026-09-11 16:01:48,886 [canton-env-ec-32] INFO  c.d.c.t.s.StoreBasedTopologyStateForInitializationService:sequencer=sequencer1/psid=mysynchronizer::122070a47a88::34-0 - Fetching initial topology state at 2026-09-11T15:01:47.974887Z for PAR::sandbox::122038b10468... active at EffectiveTime(2026-09-11T15:01:47.974887Z)
2026-09-11 16:01:48,899 [canton-env-ec-32] INFO  c.d.c.s.c.BftTopologyForInitDownloader$:participant=sandbox/psid=mysynchronizer::122070a47a88::34-0 tid:30f811eddc7be33cb1ac8497aeecad7c - Successfully downloaded topology state for init with hash matching expected SHA-256:3983c1e83318...
2026-09-11 16:01:48,899 [canton-env-ec-32] INFO  c.d.c.t.p.InitialTopologySnapshotValidator:participant=sandbox/psid=mysynchronizer::122070a47a88::34-0 tid:30f811eddc7be33cb1ac8497aeecad7c - Validating 11/11 transactions to initialize the topology store mysynchronizer::122070a47a88...::34-0 with 2 sequencer times
2026-09-11 16:01:48,922 [canton-env-ec-32] INFO  c.d.c.t.p.TopologyStateProcessorOld:participant=sandbox/psid=mysynchronizer::122070a47a88::34-0 tid:30f811eddc7be33cb1ac8497aeecad7c - Storing topology transaction 1/8 TxHash(SHA-256:2eeb322f4f3d...) with ts=EffectiveTime(0001-01-01T00:00:00.000001Z), signedBy=Set(1220cdcac772...)
2026-09-11 16:01:48,922 [canton-env-ec-32] INFO  c.d.c.t.p.TopologyStateProcessorOld:participant=sandbox/psid=mysynchronizer::122070a47a88::34-0 tid:30f811eddc7be33cb1ac8497aeecad7c - Storing topology transaction 2/8 TxHash(SHA-256:9653666f8d53...) with ts=EffectiveTime(0001-01-01T00:00:00.000001Z), signedBy=Set(1220cdcac772..., 1220af9fd547..., 12208c5284e6...)
2026-09-11 16:01:48,923 [canton-env-ec-32] INFO  c.d.c.t.p.TopologyStateProcessorOld:participant=sandbox/psid=mysynchronizer::122070a47a88::34-0 tid:30f811eddc7be33cb1ac8497aeecad7c - Storing topology transaction 3/8 TxHash(SHA-256:8c49bb55a790...) with ts=EffectiveTime(0001-01-01T00:00:00.000001Z), signedBy=Set(12205774a822...)
2026-09-11 16:01:48,923 [canton-env-ec-32] INFO  c.d.c.t.p.TopologyStateProcessorOld:participant=sandbox/psid=mysynchronizer::122070a47a88::34-0 tid:30f811eddc7be33cb1ac8497aeecad7c - Storing topology transaction 4/8 TxHash(SHA-256:89c9dbde2b84...) with ts=EffectiveTime(0001-01-01T00:00:00.000001Z), signedBy=Set(12205774a822..., 1220f03f8713..., 1220596defe6...)
2026-09-11 16:01:48,923 [canton-env-ec-32] INFO  c.d.c.t.p.TopologyStateProcessorOld:participant=sandbox/psid=mysynchronizer::122070a47a88::34-0 tid:30f811eddc7be33cb1ac8497aeecad7c - Storing topology transaction 5/8 TxHash(SHA-256:5f71125dd68b...) with ts=EffectiveTime(0001-01-01T00:00:00.000001Z), signedBy=Set(1220cdcac772..., 12205774a822...)
2026-09-11 16:01:48,923 [canton-env-ec-32] INFO  c.d.c.t.p.TopologyStateProcessorOld:participant=sandbox/psid=mysynchronizer::122070a47a88::34-0 tid:30f811eddc7be33cb1ac8497aeecad7c - Storing topology transaction 6/8 TxHash(SHA-256:81db63fe36f8...) with ts=EffectiveTime(0001-01-01T00:00:00.000001Z), signedBy=Set(1220cdcac772..., 12205774a822...)
2026-09-11 16:01:48,923 [canton-env-ec-32] INFO  c.d.c.t.p.TopologyStateProcessorOld:participant=sandbox/psid=mysynchronizer::122070a47a88::34-0 tid:30f811eddc7be33cb1ac8497aeecad7c - Storing topology transaction 7/8 TxHash(SHA-256:24e134b960da...) with ts=EffectiveTime(0001-01-01T00:00:00.000001Z), signedBy=Set(1220cdcac772..., 12205774a822...)
2026-09-11 16:01:48,923 [canton-env-ec-32] INFO  c.d.c.t.p.TopologyStateProcessorOld:participant=sandbox/psid=mysynchronizer::122070a47a88::34-0 tid:30f811eddc7be33cb1ac8497aeecad7c - Storing topology transaction 8/8 TxHash(SHA-256:ca0e375a0e2b...) with ts=EffectiveTime(0001-01-01T00:00:00.000001Z), signedBy=Set(1220cdcac772..., 12205774a822...)
2026-09-11 16:01:48,929 [canton-env-ec-32] INFO  c.d.c.t.p.TopologyStateProcessorOld:participant=sandbox/psid=mysynchronizer::122070a47a88::34-0 tid:30f811eddc7be33cb1ac8497aeecad7c - Persisted topology transactions (SequencedTime(0001-01-01T00:00:00.000001Z), EffectiveTime(0001-01-01T00:00:00.000001Z)):
ValidatedTopologyTransaction(
  SignedTopologyTransaction(
    TopologyTransaction(
      NamespaceDelegation(1220cdcac772..., SigningPublicKey(id = 1220cdcac772..., format = DER-encoded X.509 SubjectPublicKeyInfo, keySpec = EC-Curve25519, usage = namespace), CanSignAllMappings),
      serial = 1,
      operation = Replace,
      hash = SHA-256:2eeb322f4f3d...
    ),
    signatures = 1220cdcac772...
  )
),
ValidatedTopologyTransaction(
  SignedTopologyTransaction(
    TopologyTransaction(
      OwnerToKeyMapping(
        SEQ::sequencer1::1220cdcac772...,
        Vector(
          SigningPublicKey(id = 1220af9fd547..., format = DER-encoded X.509 SubjectPublicKeyInfo, keySpec = EC-Curve25519, usage = Set(sequencer-auth, proof-of-ownership)),
          SigningPublicKey(id = 12208c5284e6..., format = DER-encoded X.509 SubjectPublicKeyInfo, keySpec = EC-Curve25519, usage = Set(signing, proof-of-ownership))
        )
      ),
      serial = 1,
      operation = Replace,
      hash = SHA-256:9653666f8d53...
    ),
    signatures = Seq(12208c5284e6..., 1220af9fd547..., 1220cdcac772...)
  )
),
ValidatedTopologyTransaction(
  SignedTopologyTransaction(
    TopologyTransaction(
      NamespaceDelegation(12205774a822..., SigningPublicKey(id = 12205774a822..., format = DER-encoded X.509 SubjectPublicKeyInfo, keySpec = EC-Curve25519, usage = namespace), CanSignAllMappings),
      serial = 1,
      operation = Replace,
      hash = SHA-256:8c49bb55a790...
    ),
    signatures = 12205774a822...
  )
),
ValidatedTopologyTransaction(
  SignedTopologyTransaction(
    TopologyTransaction(
      OwnerToKeyMapping(
        MED::mediator1::12205774a822...,
        Vector(
          SigningPublicKey(id = 1220f03f8713..., format = DER-encoded X.509 SubjectPublicKeyInfo, keySpec = EC-Curve25519, usage = Set(sequencer-auth, proof-of-ownership)),
          SigningPublicKey(id = 1220596defe6..., format = DER-encoded X.509 SubjectPublicKeyInfo, keySpec = EC-Curve25519, usage = Set(signing, proof-of-ownership))
        )
      ),
      serial = 1,
      operation = Replace,
      hash = SHA-256:89c9dbde2b84...
    ),
    signatures = Seq(12205774a822..., 1220596defe6..., 1220f03f8713...)
  )
),
ValidatedTopologyTransaction(
  SignedTopologyTransaction(
    TopologyTransaction(DecentralizedNamespaceDefinition(122070a47a88..., PositiveNumeric(1), Set(1220cdcac772..., 12205774a822...)), serial = 1, operation = Replace, hash = SHA-256:5f71125dd68b...),
    signatures = Seq(12205774a822..., 1220cdcac772...)
  )
),
ValidatedTopologyTransaction(
  SignedTopologyTransaction(
    TopologyTransaction(
      SynchronizerParametersState(
        mysynchronizer::122070a47a88...,
        DynamicSynchronizerParameters(
          confirmation response timeout = 30s,
          mediator reaction timeout = 30s,
          assignment exclusivity timeout = 1m,
          ledger time record time tolerance = 1m,
          mediator deduplication timeout = 48h,
          reconciliation interval = 1m,
          confirmation requests max rate = 1000000,
          max request size = 10485760,
          sequencer aggregate submission timeout = 6m,
          ACS commitment catchup = AcsCommitmentsCatchUpParameters(catchUpIntervalSkip = 5, nrIntervalsToTriggerCatchUp = 2),
          participant synchronizer limits = ParticipantSynchronizerLimits(confirmation requests max rate = 1000000),
          preparation time record time tolerance = 24h,
          onboarding restriction = UnrestrictedOpen
        )
      ),
      serial = 1,
      operation = Replace,
      hash = SHA-256:81db63fe36f8...
    ),
    signatures = Seq(12205774a822..., 1220cdcac772...)
  )
),
ValidatedTopologyTransaction(
  SignedTopologyTransaction(
    TopologyTransaction(
      MediatorSynchronizerState(mysynchronizer::122070a47a88..., NonNegativeNumeric(0), PositiveNumeric(1), Vector(MED::mediator1::12205774a822...), Vector()),
      serial = 1,
      operation = Replace,
      hash = SHA-256:24e134b960da...
    ),
    signatures = Seq(12205774a822..., 1220cdcac772...)
  )
),
ValidatedTopologyTransaction(
  SignedTopologyTransaction(
    TopologyTransaction(
      SequencerSynchronizerState(mysynchronizer::122070a47a88..., PositiveNumeric(1), Vector(SEQ::sequencer1::1220cdcac772...), Vector()),
      serial = 1,
      operation = Replace,
      hash = SHA-256:ca0e375a0e2b...
    ),
    signatures = Seq(12205774a822..., 1220cdcac772...)
  )
)
2026-09-11 16:01:48,936 [canton-env-ec-31] INFO  c.d.c.t.p.TopologyStateProcessorOld:participant=sandbox/psid=mysynchronizer::122070a47a88::34-0 tid:30f811eddc7be33cb1ac8497aeecad7c - Storing topology transaction 1/3 TxHash(SHA-256:72185d12642c...) with ts=EffectiveTime(2026-09-11T15:01:47.974887Z), signedBy=Set(122038b10468...)
2026-09-11 16:01:48,936 [canton-env-ec-31] INFO  c.d.c.t.p.TopologyStateProcessorOld:participant=sandbox/psid=mysynchronizer::122070a47a88::34-0 tid:30f811eddc7be33cb1ac8497aeecad7c - Storing topology transaction 2/3 TxHash(SHA-256:f131e64c7cb8...) with ts=EffectiveTime(2026-09-11T15:01:47.974887Z), signedBy=Set(122038b10468..., 1220e78f230e..., 12201db65b55...)
2026-09-11 16:01:48,936 [canton-env-ec-31] INFO  c.d.c.t.p.TopologyStateProcessorOld:participant=sandbox/psid=mysynchronizer::122070a47a88::34-0 tid:30f811eddc7be33cb1ac8497aeecad7c - Storing topology transaction 3/3 TxHash(SHA-256:83ce85b31cdf...) with ts=EffectiveTime(2026-09-11T15:01:47.974887Z), signedBy=Set(122038b10468...)
2026-09-11 16:01:48,938 [canton-env-ec-32] INFO  c.d.c.t.p.TopologyStateProcessorOld:participant=sandbox/psid=mysynchronizer::122070a47a88::34-0 tid:30f811eddc7be33cb1ac8497aeecad7c - Persisted topology transactions (SequencedTime(2026-09-11T15:01:47.974887Z), EffectiveTime(2026-09-11T15:01:47.974887Z)):
ValidatedTopologyTransaction(
  SignedTopologyTransaction(
    TopologyTransaction(
      NamespaceDelegation(122038b10468..., SigningPublicKey(id = 122038b10468..., format = DER-encoded X.509 SubjectPublicKeyInfo, keySpec = EC-Curve25519, usage = namespace), CanSignAllMappings),
      serial = 1,
      operation = Replace,
      hash = SHA-256:72185d12642c...
    ),
    signatures = 122038b10468...
  )
),
ValidatedTopologyTransaction(
  SignedTopologyTransaction(
    TopologyTransaction(
      OwnerToKeyMapping(
        PAR::sandbox::122038b10468...,
        Vector(
          SigningPublicKey(id = 1220e78f230e..., format = DER-encoded X.509 SubjectPublicKeyInfo, keySpec = EC-Curve25519, usage = Set(sequencer-auth, proof-of-ownership)),
          SigningPublicKey(id = 12201db65b55..., format = DER-encoded X.509 SubjectPublicKeyInfo, keySpec = EC-Curve25519, usage = Set(signing, proof-of-ownership)),
          EncryptionPublicKey(id = 1220d95a954b..., format = DER-encoded X.509 SubjectPublicKeyInfo, keySpec = EC-P256)
        )
      ),
      serial = 1,
      operation = Replace,
      hash = SHA-256:f131e64c7cb8...
    ),
    signatures = Seq(12201db65b55..., 122038b10468..., 1220e78f230e...)
  )
),
ValidatedTopologyTransaction(
  SignedTopologyTransaction(
    TopologyTransaction(SynchronizerTrustCertificate(PAR::sandbox::122038b10468..., mysynchronizer::122070a47a88..., Vector()), serial = 1, operation = Replace, hash = SHA-256:83ce85b31cdf...),
    signatures = 122038b10468...
  )
)
2026-09-11 16:01:48,938 [canton-env-ec-31] INFO  c.d.c.t.p.InitialTopologySnapshotValidator:participant=sandbox/psid=mysynchronizer::122070a47a88::34-0 tid:30f811eddc7be33cb1ac8497aeecad7c - Import validated and completed, verifying now that the result matches the imported snapshot.
2026-09-11 16:01:48,941 [canton-env-ec-31] INFO  c.d.c.t.p.InitialTopologySnapshotValidator:participant=sandbox/psid=mysynchronizer::122070a47a88::34-0 tid:30f811eddc7be33cb1ac8497aeecad7c - Successfully validated and imported 11 topology transactions into the topology store mysynchronizer::122070a47a88...::34-0.
2026-09-11 16:01:49,032 [canton-env-ec-29] INFO  c.d.c.p.s.SyncEphemeralStateFactoryImpl:participant=sandbox tid:30f811eddc7be33cb1ac8497aeecad7c - Computed starting points: ProcessingStartingPoints(
  clean replay = MessageCleanReplayStartingPoint(next request counter = 0, next sequencer counter = 0, prenext timestamp = 0001-01-01T00:00:00Z),
  processing = MessageProcessingStartingPoint(
    next request counter = 0,
    next sequencer counter = 0,
    last sequencer timestamp = 0001-01-01T00:00:00Z,
    current record time = 0001-01-01T00:00:00Z,
    next repair counter = 0
  )
)
2026-09-11 16:01:49,157 [canton-env-ec-64] INFO  c.d.c.p.p.AcsCommitmentProcessor$:participant=sandbox/psid=mysynchronizer::122070a47a88::34-0 - Initialized from stored snapshot at RecordTime(timestamp = 0001-01-01T00:00:00Z, tieBreaker = -9223372036854775808) (might be incomplete) with CommitmentSnapshot(record time = RecordTime(timestamp = 0001-01-01T00:00:00Z, tieBreaker = -9223372036854775808), active = Map(), delta (parties) = Set(), deleted = Set())
2026-09-11 16:01:49,169 [canton-env-ec-31] INFO  c.d.c.p.p.AcsCommitmentProcessor:participant=sandbox/psid=mysynchronizer::122070a47a88::34-0 - Will use parallelism 3 out of 4 when computing ACS commitments
2026-09-11 16:01:49,172 [canton-env-ec-31] INFO  c.d.c.p.p.AcsCommitmentProcessor$:participant=sandbox/psid=mysynchronizer::122070a47a88::34-0 - Initialized the ACS commitment processor DB queue and started processing buffered commitments until None
2026-09-11 16:01:49,176 [canton-env-ec-29] INFO  c.d.c.p.p.ParticipantTopologyTerminateProcessing:participant=sandbox/psid=mysynchronizer::122070a47a88::34-0 - Fetching effective state changes after initial record time 0001-01-01T00:00:00Z at synchronizer-startup for topology event recovery.
2026-09-11 16:01:49,199 [canton-env-ec-64] INFO  c.d.c.p.p.ParticipantTopologyTerminateProcessing:participant=sandbox/psid=mysynchronizer::122070a47a88::34-0 - Found 1 outstanding events from synchronizer bootstrapping and 0 outstanding events from topology processing to process.
2026-09-11 16:01:49,199 [canton-env-ec-64] INFO  c.d.c.p.p.ParticipantTopologyTerminateProcessing:participant=sandbox/psid=mysynchronizer::122070a47a88::34-0 - Fetching trace-contexts for 0 topology-updates for topology event recovery.
2026-09-11 16:01:49,201 [canton-env-ec-64] INFO  c.d.c.p.p.ParticipantTopologyTerminateProcessing:participant=sandbox/psid=mysynchronizer::122070a47a88::34-0 - Scheduling 1 topology events at synchronizer-startup.
2026-09-11 16:01:49,397 [canton-env-ec-64] INFO  c.d.c.h.MutableHealthComponent:participant=sandbox - 'acs-commitment-processor' is now in state Ok(). Previous state was Not Initialized.
2026-09-11 16:01:49,397 [canton-env-ec-64] INFO  c.d.c.h.MutableHealthComponent:participant=sandbox - 'acs-commitment-processor' is now in state Ok(). Previous state was Not Initialized.
2026-09-11 16:01:49,397 [canton-env-ec-64] INFO  c.d.c.p.s.ConnectedSynchronizer:participant=sandbox/psid=mysynchronizer::122070a47a88::34-0 tid:30f811eddc7be33cb1ac8497aeecad7c - 'connected-synchronizer' is now in state Ok(). Previous state was Not Initialized.
2026-09-11 16:01:49,398 [canton-env-ec-64] INFO  c.d.c.h.MutableHealthComponent:participant=sandbox tid:30f811eddc7be33cb1ac8497aeecad7c - 'connected-synchronizer' is now in state Ok(). Previous state was Not Initialized.
2026-09-11 16:01:49,398 [canton-env-ec-64] INFO  c.d.c.h.MutableHealthComponent:participant=sandbox tid:30f811eddc7be33cb1ac8497aeecad7c - 'connected-synchronizer' is now in state Ok(). Previous state was Not Initialized.
2026-09-11 16:01:49,398 [canton-env-ec-64] INFO  c.d.c.p.s.SynchronizerConnectionsManager:participant=sandbox tid:30f811eddc7be33cb1ac8497aeecad7c - Connected to synchronizer and starting synchronisation: Synchronizer 'mysynchronizer'
2026-09-11 16:01:49,409 [canton-env-ec-29] INFO  c.d.c.p.s.ConnectedSynchronizer:participant=sandbox/psid=mysynchronizer::122070a47a88::34-0 tid:30f811eddc7be33cb1ac8497aeecad7c - The next repair counter would be 0
2026-09-11 16:01:49,419 [canton-env-ec-64] INFO  c.d.c.p.s.ConnectedSynchronizer:participant=sandbox/psid=mysynchronizer::122070a47a88::34-0 tid:30f811eddc7be33cb1ac8497aeecad7c - Looking for ACS changes to replay between 0001-01-01T00:00:00Z and TimeOfChange(timestamp = 0001-01-01T00:00:00Z, counter = Some(0)) in batches of 100
2026-09-11 16:01:49,426 [canton-env-ec-29] INFO  c.d.c.p.s.ConnectedSynchronizer:participant=sandbox/psid=mysynchronizer::122070a47a88::34-0 tid:30f811eddc7be33cb1ac8497aeecad7c - Replaying 0 ACS changes between TimeOfChange(timestamp = 0001-01-01T00:00:00Z) (exclusive) and TimeOfChange(timestamp = 0001-01-01T00:00:00Z, counter = Some(0)) to the commitment processor
2026-09-11 16:01:49,430 [canton-env-ec-31] INFO  c.d.c.s.c.RichSequencerClientImpl:participant=sandbox/psid=mysynchronizer::122070a47a88::34-0 tid:30f811eddc7be33cb1ac8497aeecad7c - No event found up to 0001-01-01T00:00:00Z. Resubscribing from the beginning.
2026-09-11 16:01:49,431 [canton-env-ec-31] INFO  c.d.c.s.c.RichSequencerClientImpl:participant=sandbox/psid=mysynchronizer::122070a47a88::34-0 tid:30f811eddc7be33cb1ac8497aeecad7c - Processing events from the SequencedEventStore from 0001-01-01T00:00:00.000001Z on
2026-09-11 16:01:49,433 [canton-env-ec-31] INFO  c.d.c.s.SequencerSubscriptionX:participant=sandbox/psid=mysynchronizer::122070a47a88::34-0/connection=sequencer-connection-sequencer1-0 tid:30f811eddc7be33cb1ac8497aeecad7c - Starting subscription at the beginning
2026-09-11 16:01:49,434 [canton-env-ec-31] INFO  c.d.c.s.SequencerSubscriptionX:participant=sandbox/psid=mysynchronizer::122070a47a88::34-0/connection=sequencer-connection-sequencer1-0 tid:30f811eddc7be33cb1ac8497aeecad7c - 'subscription-sequencer-connection-sequencer1-0' is now in state Ok(). Previous state was Failed().
2026-09-11 16:01:49,435 [canton-env-ec-31] INFO  c.d.c.s.SequencerSubscriptionPoolImpl:participant=sandbox/psid=mysynchronizer::122070a47a88::34-0 tid:30f811eddc7be33cb1ac8497aeecad7c - 'sequencer-subscription-pool' is now in state Ok(). Previous state was Not Initialized.
2026-09-11 16:01:49,435 [canton-env-ec-31] INFO  c.d.c.h.DelegatingMutableHealthComponent:participant=sandbox/psid=mysynchronizer::122070a47a88::34-0 tid:30f811eddc7be33cb1ac8497aeecad7c - 'sequencer-client' is now in state Ok(). Previous state was Not Initialized.
2026-09-11 16:01:49,435 [canton-env-ec-31] INFO  c.d.c.h.MutableHealthComponent:participant=sandbox tid:30f811eddc7be33cb1ac8497aeecad7c - 'sequencer-client' is now in state Ok(). Previous state was Not Initialized.
2026-09-11 16:01:49,435 [canton-env-ec-31] INFO  c.d.c.h.MutableHealthComponent:participant=sandbox tid:30f811eddc7be33cb1ac8497aeecad7c - 'sequencer-client' is now in state Ok(). Previous state was Not Initialized.
2026-09-11 16:01:49,436 [canton-env-ec-32] INFO  c.d.c.s.s.s.GrpcSequencerService:sequencer=sequencer1 tid:30f811eddc7be33cb1ac8497aeecad7c - PAR::sandbox::122038b10468... subscribes from timestamp=None
2026-09-11 16:01:49,437 [canton-env-ec-32] INFO  c.d.c.s.s.LocalSequencerStateEventSignaller:sequencer=sequencer1/psid=mysynchronizer::122070a47a88::34-0 tid:30f811eddc7be33cb1ac8497aeecad7c - Creating signal source for PAR::sandbox::122038b10468... (id: 3)
2026-09-11 16:01:49,439 [canton-env-ec-32] INFO  c.d.c.s.s.s.SubscriptionPool:sequencer=sequencer1 tid:30f811eddc7be33cb1ac8497aeecad7c - Adding subscription for PAR::sandbox::122038b10468... to pool with 2 active
2026-09-11 16:01:49,448 [canton-env-ec-30] INFO  c.d.c.p.s.SyncEphemeralState:participant=sandbox/psid=mysynchronizer::122070a47a88::34-0 tid:30f811eddc7be33cb1ac8497aeecad7c - 'sync-ephemeral-state' is now in state Ok(). Previous state was Not Initialized.
2026-09-11 16:01:49,448 [canton-env-ec-30] INFO  c.d.c.h.MutableHealthComponent:participant=sandbox tid:30f811eddc7be33cb1ac8497aeecad7c - 'sync-ephemeral-state' is now in state Ok(). Previous state was Not Initialized.
2026-09-11 16:01:49,449 [canton-env-ec-30] INFO  c.d.c.h.MutableHealthComponent:participant=sandbox tid:30f811eddc7be33cb1ac8497aeecad7c - 'sync-ephemeral-state' is now in state Ok(). Previous state was Not Initialized.
2026-09-11 16:01:50,300 [canton-env-ec-29] INFO  c.d.c.p.a.s.a.PackageUpgradeValidator:participant=sandbox tid:30f811eddc7be33cb1ac8497aeecad7c - Typechecking upgrades for lineage of package-name daml-prim-GHC-Types.
2026-09-11 16:01:50,307 [canton-env-ec-29] INFO  c.d.c.p.a.s.a.PackageUpgradeValidator:participant=sandbox tid:30f811eddc7be33cb1ac8497aeecad7c - Typechecking upgrades for lineage of package-name daml-prim-GHC-Types succeeded.
2026-09-11 16:01:50,307 [canton-env-ec-29] INFO  c.d.c.p.a.s.a.PackageUpgradeValidator:participant=sandbox tid:30f811eddc7be33cb1ac8497aeecad7c - Typechecking upgrades for lineage of package-name daml-prim-DA-Exception-ArithmeticError.
2026-09-11 16:01:50,307 [canton-env-ec-29] INFO  c.d.c.p.a.s.a.PackageUpgradeValidator:participant=sandbox tid:30f811eddc7be33cb1ac8497aeecad7c - Typechecking upgrades for lineage of package-name daml-prim-DA-Exception-ArithmeticError succeeded.
2026-09-11 16:01:50,307 [canton-env-ec-29] INFO  c.d.c.p.a.s.a.PackageUpgradeValidator:participant=sandbox tid:30f811eddc7be33cb1ac8497aeecad7c - Typechecking upgrades for lineage of package-name daml-prim-DA-Internal-PromotedText.
2026-09-11 16:01:50,307 [canton-env-ec-29] INFO  c.d.c.p.a.s.a.PackageUpgradeValidator:participant=sandbox tid:30f811eddc7be33cb1ac8497aeecad7c - Typechecking upgrades for lineage of package-name daml-prim-DA-Internal-PromotedText succeeded.
2026-09-11 16:01:50,307 [canton-env-ec-29] INFO  c.d.c.p.a.s.a.PackageUpgradeValidator:participant=sandbox tid:30f811eddc7be33cb1ac8497aeecad7c - Typechecking upgrades for lineage of package-name daml-prim-DA-Exception-GeneralError.
2026-09-11 16:01:50,308 [canton-env-ec-29] INFO  c.d.c.p.a.s.a.PackageUpgradeValidator:participant=sandbox tid:30f811eddc7be33cb1ac8497aeecad7c - Typechecking upgrades for lineage of package-name daml-prim-DA-Exception-GeneralError succeeded.
2026-09-11 16:01:50,308 [canton-env-ec-29] INFO  c.d.c.p.a.s.a.PackageUpgradeValidator:participant=sandbox tid:30f811eddc7be33cb1ac8497aeecad7c - Typechecking upgrades for lineage of package-name daml-prim-DA-Types.
2026-09-11 16:01:50,308 [canton-env-ec-29] INFO  c.d.c.p.a.s.a.PackageUpgradeValidator:participant=sandbox tid:30f811eddc7be33cb1ac8497aeecad7c - Typechecking upgrades for lineage of package-name daml-prim-DA-Types succeeded.
2026-09-11 16:01:50,308 [canton-env-ec-29] INFO  c.d.c.p.a.s.a.PackageUpgradeValidator:participant=sandbox tid:30f811eddc7be33cb1ac8497aeecad7c - Typechecking upgrades for lineage of package-name daml-prim-DA-Internal-Erased.
2026-09-11 16:01:50,308 [canton-env-ec-29] INFO  c.d.c.p.a.s.a.PackageUpgradeValidator:participant=sandbox tid:30f811eddc7be33cb1ac8497aeecad7c - Typechecking upgrades for lineage of package-name daml-prim-DA-Internal-Erased succeeded.
2026-09-11 16:01:50,308 [canton-env-ec-29] INFO  c.d.c.p.a.s.a.PackageUpgradeValidator:participant=sandbox tid:30f811eddc7be33cb1ac8497aeecad7c - Typechecking upgrades for lineage of package-name daml-prim-GHC-Prim.
2026-09-11 16:01:50,308 [canton-env-ec-29] INFO  c.d.c.p.a.s.a.PackageUpgradeValidator:participant=sandbox tid:30f811eddc7be33cb1ac8497aeecad7c - Typechecking upgrades for lineage of package-name daml-prim-GHC-Prim succeeded.
2026-09-11 16:01:50,309 [canton-env-ec-29] INFO  c.d.c.p.a.s.a.PackageUpgradeValidator:participant=sandbox tid:30f811eddc7be33cb1ac8497aeecad7c - Typechecking upgrades for lineage of package-name daml-prim.
2026-09-11 16:01:50,313 [canton-env-ec-29] INFO  c.d.c.p.a.s.a.PackageUpgradeValidator:participant=sandbox tid:30f811eddc7be33cb1ac8497aeecad7c - Typechecking upgrades for lineage of package-name daml-prim succeeded.
2026-09-11 16:01:50,313 [canton-env-ec-29] INFO  c.d.c.p.a.s.a.PackageUpgradeValidator:participant=sandbox tid:30f811eddc7be33cb1ac8497aeecad7c - Typechecking upgrades for lineage of package-name daml-stdlib-DA-Date-Types.
2026-09-11 16:01:50,314 [canton-env-ec-29] INFO  c.d.c.p.a.s.a.PackageUpgradeValidator:participant=sandbox tid:30f811eddc7be33cb1ac8497aeecad7c - Typechecking upgrades for lineage of package-name daml-stdlib-DA-Date-Types succeeded.
2026-09-11 16:01:50,314 [canton-env-ec-29] INFO  c.d.c.p.a.s.a.PackageUpgradeValidator:participant=sandbox tid:30f811eddc7be33cb1ac8497aeecad7c - Typechecking upgrades for lineage of package-name daml-stdlib-DA-Time-Types.
2026-09-11 16:01:50,314 [canton-env-ec-29] INFO  c.d.c.p.a.s.a.PackageUpgradeValidator:participant=sandbox tid:30f811eddc7be33cb1ac8497aeecad7c - Typechecking upgrades for lineage of package-name daml-stdlib-DA-Time-Types succeeded.
2026-09-11 16:01:50,314 [canton-env-ec-29] INFO  c.d.c.p.a.s.a.PackageUpgradeValidator:participant=sandbox tid:30f811eddc7be33cb1ac8497aeecad7c - Typechecking upgrades for lineage of package-name daml-stdlib-DA-NonEmpty-Types.
2026-09-11 16:01:50,314 [canton-env-ec-29] INFO  c.d.c.p.a.s.a.PackageUpgradeValidator:participant=sandbox tid:30f811eddc7be33cb1ac8497aeecad7c - Typechecking upgrades for lineage of package-name daml-stdlib-DA-NonEmpty-Types succeeded.
2026-09-11 16:01:50,314 [canton-env-ec-29] INFO  c.d.c.p.a.s.a.PackageUpgradeValidator:participant=sandbox tid:30f811eddc7be33cb1ac8497aeecad7c - Typechecking upgrades for lineage of package-name daml-stdlib-DA-Stack-Types.
2026-09-11 16:01:50,314 [canton-env-ec-29] INFO  c.d.c.p.a.s.a.PackageUpgradeValidator:participant=sandbox tid:30f811eddc7be33cb1ac8497aeecad7c - Typechecking upgrades for lineage of package-name daml-stdlib-DA-Stack-Types succeeded.
2026-09-11 16:01:50,314 [canton-env-ec-29] INFO  c.d.c.p.a.s.a.PackageUpgradeValidator:participant=sandbox tid:30f811eddc7be33cb1ac8497aeecad7c - Typechecking upgrades for lineage of package-name daml-stdlib-DA-Monoid-Types.
2026-09-11 16:01:50,314 [canton-env-ec-29] INFO  c.d.c.p.a.s.a.PackageUpgradeValidator:participant=sandbox tid:30f811eddc7be33cb1ac8497aeecad7c - Typechecking upgrades for lineage of package-name daml-stdlib-DA-Monoid-Types succeeded.
2026-09-11 16:01:50,314 [canton-env-ec-29] INFO  c.d.c.p.a.s.a.PackageUpgradeValidator:participant=sandbox tid:30f811eddc7be33cb1ac8497aeecad7c - Typechecking upgrades for lineage of package-name daml-stdlib-DA-Internal-Interface-AnyView-Types.
2026-09-11 16:01:50,314 [canton-env-ec-29] INFO  c.d.c.p.a.s.a.PackageUpgradeValidator:participant=sandbox tid:30f811eddc7be33cb1ac8497aeecad7c - Typechecking upgrades for lineage of package-name daml-stdlib-DA-Internal-Interface-AnyView-Types succeeded.
2026-09-11 16:01:50,314 [canton-env-ec-29] INFO  c.d.c.p.a.s.a.PackageUpgradeValidator:participant=sandbox tid:30f811eddc7be33cb1ac8497aeecad7c - Typechecking upgrades for lineage of package-name ghc-stdlib-DA-Internal-Template.
2026-09-11 16:01:50,315 [canton-env-ec-29] INFO  c.d.c.p.a.s.a.PackageUpgradeValidator:participant=sandbox tid:30f811eddc7be33cb1ac8497aeecad7c - Typechecking upgrades for lineage of package-name ghc-stdlib-DA-Internal-Template succeeded.
2026-09-11 16:01:50,315 [canton-env-ec-29] INFO  c.d.c.p.a.s.a.PackageUpgradeValidator:participant=sandbox tid:30f811eddc7be33cb1ac8497aeecad7c - Typechecking upgrades for lineage of package-name daml-prim-DA-Exception-PreconditionFailed.
2026-09-11 16:01:50,315 [canton-env-ec-29] INFO  c.d.c.p.a.s.a.PackageUpgradeValidator:participant=sandbox tid:30f811eddc7be33cb1ac8497aeecad7c - Typechecking upgrades for lineage of package-name daml-prim-DA-Exception-PreconditionFailed succeeded.
2026-09-11 16:01:50,315 [canton-env-ec-29] INFO  c.d.c.p.a.s.a.PackageUpgradeValidator:participant=sandbox tid:30f811eddc7be33cb1ac8497aeecad7c - Typechecking upgrades for lineage of package-name daml-stdlib-DA-Semigroup-Types.
2026-09-11 16:01:50,315 [canton-env-ec-29] INFO  c.d.c.p.a.s.a.PackageUpgradeValidator:participant=sandbox tid:30f811eddc7be33cb1ac8497aeecad7c - Typechecking upgrades for lineage of package-name daml-stdlib-DA-Semigroup-Types succeeded.
2026-09-11 16:01:50,315 [canton-env-ec-29] INFO  c.d.c.p.a.s.a.PackageUpgradeValidator:participant=sandbox tid:30f811eddc7be33cb1ac8497aeecad7c - Typechecking upgrades for lineage of package-name daml-stdlib-DA-Logic-Types.
2026-09-11 16:01:50,315 [canton-env-ec-29] INFO  c.d.c.p.a.s.a.PackageUpgradeValidator:participant=sandbox tid:30f811eddc7be33cb1ac8497aeecad7c - Typechecking upgrades for lineage of package-name daml-stdlib-DA-Logic-Types succeeded.
2026-09-11 16:01:50,316 [canton-env-ec-29] INFO  c.d.c.p.a.s.a.PackageUpgradeValidator:participant=sandbox tid:30f811eddc7be33cb1ac8497aeecad7c - Typechecking upgrades for lineage of package-name daml-stdlib-DA-Set-Types.
2026-09-11 16:01:50,316 [canton-env-ec-29] INFO  c.d.c.p.a.s.a.PackageUpgradeValidator:participant=sandbox tid:30f811eddc7be33cb1ac8497aeecad7c - Typechecking upgrades for lineage of package-name daml-stdlib-DA-Set-Types succeeded.
2026-09-11 16:01:50,316 [canton-env-ec-29] INFO  c.d.c.p.a.s.a.PackageUpgradeValidator:participant=sandbox tid:30f811eddc7be33cb1ac8497aeecad7c - Typechecking upgrades for lineage of package-name daml-stdlib-DA-Internal-Down.
2026-09-11 16:01:50,316 [canton-env-ec-29] INFO  c.d.c.p.a.s.a.PackageUpgradeValidator:participant=sandbox tid:30f811eddc7be33cb1ac8497aeecad7c - Typechecking upgrades for lineage of package-name daml-stdlib-DA-Internal-Down succeeded.
2026-09-11 16:01:50,316 [canton-env-ec-29] INFO  c.d.c.p.a.s.a.PackageUpgradeValidator:participant=sandbox tid:30f811eddc7be33cb1ac8497aeecad7c - Typechecking upgrades for lineage of package-name daml-prim-DA-Exception-AssertionFailed.
2026-09-11 16:01:50,316 [canton-env-ec-29] INFO  c.d.c.p.a.s.a.PackageUpgradeValidator:participant=sandbox tid:30f811eddc7be33cb1ac8497aeecad7c - Typechecking upgrades for lineage of package-name daml-prim-DA-Exception-AssertionFailed succeeded.
2026-09-11 16:01:50,316 [canton-env-ec-29] INFO  c.d.c.p.a.s.a.PackageUpgradeValidator:participant=sandbox tid:30f811eddc7be33cb1ac8497aeecad7c - Typechecking upgrades for lineage of package-name daml-stdlib-DA-Action-State-Type.
2026-09-11 16:01:50,316 [canton-env-ec-29] INFO  c.d.c.p.a.s.a.PackageUpgradeValidator:participant=sandbox tid:30f811eddc7be33cb1ac8497aeecad7c - Typechecking upgrades for lineage of package-name daml-stdlib-DA-Action-State-Type succeeded.
2026-09-11 16:01:50,317 [canton-env-ec-29] INFO  c.d.c.p.a.s.a.PackageUpgradeValidator:participant=sandbox tid:30f811eddc7be33cb1ac8497aeecad7c - Typechecking upgrades for lineage of package-name ghc-stdlib-DA-Internal-Any.
2026-09-11 16:01:50,317 [canton-env-ec-29] INFO  c.d.c.p.a.s.a.PackageUpgradeValidator:participant=sandbox tid:30f811eddc7be33cb1ac8497aeecad7c - Typechecking upgrades for lineage of package-name ghc-stdlib-DA-Internal-Any succeeded.
2026-09-11 16:01:50,317 [canton-env-ec-29] INFO  c.d.c.p.a.s.a.PackageUpgradeValidator:participant=sandbox tid:30f811eddc7be33cb1ac8497aeecad7c - Typechecking upgrades for lineage of package-name daml-stdlib-DA-Internal-Fail-Types.
2026-09-11 16:01:50,317 [canton-env-ec-29] INFO  c.d.c.p.a.s.a.PackageUpgradeValidator:participant=sandbox tid:30f811eddc7be33cb1ac8497aeecad7c - Typechecking upgrades for lineage of package-name daml-stdlib-DA-Internal-Fail-Types succeeded.
2026-09-11 16:01:50,317 [canton-env-ec-29] INFO  c.d.c.p.a.s.a.PackageUpgradeValidator:participant=sandbox tid:30f811eddc7be33cb1ac8497aeecad7c - Typechecking upgrades for lineage of package-name daml-stdlib-DA-Random-Types.
2026-09-11 16:01:50,317 [canton-env-ec-29] INFO  c.d.c.p.a.s.a.PackageUpgradeValidator:participant=sandbox tid:30f811eddc7be33cb1ac8497aeecad7c - Typechecking upgrades for lineage of package-name daml-stdlib-DA-Random-Types succeeded.
2026-09-11 16:01:50,317 [canton-env-ec-29] INFO  c.d.c.p.a.s.a.PackageUpgradeValidator:participant=sandbox tid:30f811eddc7be33cb1ac8497aeecad7c - Typechecking upgrades for lineage of package-name daml-stdlib-DA-Validation-Types.
2026-09-11 16:01:50,318 [canton-env-ec-29] INFO  c.d.c.p.a.s.a.PackageUpgradeValidator:participant=sandbox tid:30f811eddc7be33cb1ac8497aeecad7c - Typechecking upgrades for lineage of package-name daml-stdlib-DA-Validation-Types succeeded.
2026-09-11 16:01:50,318 [canton-env-ec-29] INFO  c.d.c.p.a.s.a.PackageUpgradeValidator:participant=sandbox tid:30f811eddc7be33cb1ac8497aeecad7c - Typechecking upgrades for lineage of package-name daml-stdlib.
2026-09-11 16:01:50,318 [canton-env-ec-29] INFO  c.d.c.p.a.s.a.PackageUpgradeValidator:participant=sandbox tid:30f811eddc7be33cb1ac8497aeecad7c - Typechecking upgrades for lineage of package-name daml-stdlib succeeded.
2026-09-11 16:01:50,318 [canton-env-ec-29] INFO  c.d.c.p.a.s.a.PackageUpgradeValidator:participant=sandbox tid:30f811eddc7be33cb1ac8497aeecad7c - Typechecking upgrades for lineage of package-name daml-prim-DA-Internal-NatSyn.
2026-09-11 16:01:50,318 [canton-env-ec-29] INFO  c.d.c.p.a.s.a.PackageUpgradeValidator:participant=sandbox tid:30f811eddc7be33cb1ac8497aeecad7c - Typechecking upgrades for lineage of package-name daml-prim-DA-Internal-NatSyn succeeded.
2026-09-11 16:01:50,318 [canton-env-ec-29] INFO  c.d.c.p.a.s.a.PackageUpgradeValidator:participant=sandbox tid:30f811eddc7be33cb1ac8497aeecad7c - Typechecking upgrades for lineage of package-name daml-prim-GHC-Tuple.
2026-09-11 16:01:50,319 [canton-env-ec-29] INFO  c.d.c.p.a.s.a.PackageUpgradeValidator:participant=sandbox tid:30f811eddc7be33cb1ac8497aeecad7c - Typechecking upgrades for lineage of package-name daml-prim-GHC-Tuple succeeded.
2026-09-11 16:01:50,319 [canton-env-ec-29] INFO  c.d.c.p.a.s.a.PackageUpgradeValidator:participant=sandbox tid:30f811eddc7be33cb1ac8497aeecad7c - Typechecking upgrades for lineage of package-name canton-builtin-admin-workflow-ping.
2026-09-11 16:01:50,319 [canton-env-ec-29] INFO  c.d.c.p.a.s.a.PackageUpgradeValidator:participant=sandbox tid:30f811eddc7be33cb1ac8497aeecad7c - Typechecking upgrades for lineage of package-name canton-builtin-admin-workflow-ping succeeded.
2026-09-11 16:01:50,324 [canton-env-ec-64] INFO  c.d.c.t.p.TopologyStateProcessorOld:participant=sandbox/psid=mysynchronizer::122070a47a88::34-0 tid:30f811eddc7be33cb1ac8497aeecad7c - Enqueuing topology transaction 1/1 TxHash(SHA-256:1df59aee0c02...) with ts=EffectiveTime(2026-09-11T15:01:47.974888Z), signedBy=Set(122038b10468...)
2026-09-11 16:01:50,329 [canton-env-ec-64] INFO  c.d.c.t.p.TopologyStateProcessorOld:participant=sandbox/psid=mysynchronizer::122070a47a88::34-0 tid:30f811eddc7be33cb1ac8497aeecad7c - Enqueued topology transactions:
ValidatedTopologyTransaction(
  SignedTopologyTransaction(
    TopologyTransaction(
      VettedPackages(
        PAR::sandbox::122038b10468...,
        List(
          VettedPackage(packageId = 6f8e6085f576..., unbounded),
          VettedPackage(packageId = 60c61c542207..., unbounded),
          VettedPackage(packageId = a1fa18133ae4..., unbounded),
          VettedPackage(packageId = cae345b5500e..., unbounded),
          VettedPackage(packageId = c3bb0c5d0479..., unbounded),
          VettedPackage(packageId = fcee8dfc1b81..., unbounded),
          VettedPackage(packageId = c280cc3ef501..., unbounded),
          VettedPackage(packageId = 9e70a8b3510d..., unbounded),
          VettedPackage(packageId = 91e167fa7a25..., unbounded),
          VettedPackage(packageId = b70db8369e1c..., unbounded),
          VettedPackage(packageId = f181cd661f7a..., unbounded),
          VettedPackage(packageId = bde4bd30749e..., unbounded),
          VettedPackage(packageId = 19f0df5fdaf5..., unbounded),
          VettedPackage(packageId = ab068e2f920d..., unbounded),
          VettedPackage(packageId = 86d888f34152..., unbounded),
          VettedPackage(packageId = de2cc2f90eb5..., unbounded),
          VettedPackage(packageId = 99ea07e101ed..., unbounded),
          VettedPackage(packageId = 5aee9b21b8e9..., unbounded),
          VettedPackage(packageId = bfda48f9aa2c..., unbounded),
          VettedPackage(packageId = 52854220dc19..., unbounded),
          VettedPackage(packageId = fa79192fe1cc..., unbounded),
          VettedPackage(packageId = 6da1f43a10a1..., unbounded),
          VettedPackage(packageId = 590736e6f7bc..., unbounded),
          VettedPackage(packageId = 0e4a572ab1fb..., unbounded),
          VettedPackage(packageId = d095a2ccf6dd..., unbounded),
          VettedPackage(packageId = ee33fb70918e..., unbounded),
          VettedPackage(packageId = e7e0adfa881e..., unbounded),
          VettedPackage(packageId = 7adc4c2d07fa..., unbounded),
          VettedPackage(packageId = 3cde94fe9be5..., unbounded),
          VettedPackage(packageId = e5411f3d75f0..., unbounded)
        )
      ),
      serial = 1,
      operation = Replace,
      hash = SHA-256:1df59aee0c02...
    ),
    signatures = 122038b10468...
  )
)
2026-09-11 16:01:50,394 [canton-env-ec-29] INFO  c.d.c.s.s.s.GrpcSequencerService:sequencer=sequencer1 tid:fb281daca9eca0d997da1ec27775802a - 'PAR::sandbox::122038b10468...' sends request with id '7119d0b2-060a-44bf-9002-4b04b26f7403' of size 1810 bytes with 1 envelopes.
2026-09-11 16:01:50,530 [canton-env-ec-29] INFO  c.d.c.s.b.u.BlockChunkProcessor:sequencer=sequencer1/psid=mysynchronizer::122070a47a88::34-0 tid:fb281daca9eca0d997da1ec27775802a - Processing block 1, data chunk 0. Last chunk timestamp=2026-09-11T15:01:47.974887Z, last sequencer event timestamp=Some(2026-09-11T15:01:47.974887Z). 1 events:
  Send of '7119d0b2-060a-44bf-9002-4b04b26f7403' at 2026-09-11T15:01:50.417109Z (tc=fb281daca9eca0d997da1ec27775802a)
2026-09-11 16:01:50,554 [canton-env-ec-29] INFO  c.d.c.s.c.SequencedEventValidatorImpl:participant=sandbox/psid=mysynchronizer::122070a47a88::34-0/connection=sequencer-connection-sequencer1-0 tid:fb281daca9eca0d997da1ec27775802a - Skipping signature verification of the first sequenced event due to a fresh subscription from SEQ::sequencer1::1220cdcac772...
2026-09-11 16:01:50,554 [canton-env-ec-29] INFO  c.d.c.s.SubscriptionHandlerX:participant=sandbox/psid=mysynchronizer::122070a47a88::34-0/connection=sequencer-connection-sequencer1-0 tid:fb281daca9eca0d997da1ec27775802a - Caught up with sequencer on batch with timestamp = 2026-09-11T15:01:50.417109Z; delta = PT0.137427S (threshold = PT2562047788015215H30M7.999999999S)
2026-09-11 16:01:50,558 [canton-env-ec-29] INFO  c.d.c.p.s.ConnectedSynchronizer:participant=sandbox/psid=mysynchronizer::122070a47a88::34-0 tid:fb281daca9eca0d997da1ec27775802a - Caught up with sequencer on batch with timestamp = 2026-09-11T15:01:50.417109Z; delta = PT0.140809S (threshold = PT20S)
2026-09-11 16:01:50,558 [canton-env-ec-29] INFO  c.d.c.p.s.ConnectedSynchronizer$EventProcessingMonitor:participant=sandbox/psid=mysynchronizer::122070a47a88::34-0 tid:fb281daca9eca0d997da1ec27775802a - Replaying requests 0 up to clean request index -1
2026-09-11 16:01:50,558 [canton-env-ec-29] INFO  c.d.c.p.s.ConnectedSynchronizer$EventProcessingMonitor:participant=sandbox/psid=mysynchronizer::122070a47a88::34-0 tid:fb281daca9eca0d997da1ec27775802a - Replaying or processing locally stored events with sequencer counters 0 to -1
2026-09-11 16:01:50,572 [canton-env-ec-67] INFO  c.d.c.t.p.TopologyStateProcessorOld:sequencer=sequencer1/psid=mysynchronizer::122070a47a88::34-0 tid:fb281daca9eca0d997da1ec27775802a - Storing topology transaction 1/1 TxHash(SHA-256:1df59aee0c02...) with ts=EffectiveTime(2026-09-11T15:01:50.417109Z), signedBy=Set(122038b10468...)
2026-09-11 16:01:50,582 [canton-env-ec-32] INFO  c.d.c.t.p.TopologyStateProcessorOld:mediator=mediator1/psid=mysynchronizer::122070a47a88::34-0 tid:fb281daca9eca0d997da1ec27775802a - Storing topology transaction 1/1 TxHash(SHA-256:1df59aee0c02...) with ts=EffectiveTime(2026-09-11T15:01:50.417109Z), signedBy=Set(122038b10468...)
2026-09-11 16:01:50,586 [canton-env-ec-67] INFO  c.d.c.t.p.TopologyStateProcessorOld:sequencer=sequencer1/psid=mysynchronizer::122070a47a88::34-0 tid:fb281daca9eca0d997da1ec27775802a - Persisted topology transactions (SequencedTime(2026-09-11T15:01:50.417109Z), EffectiveTime(2026-09-11T15:01:50.417109Z)):
ValidatedTopologyTransaction(
  SignedTopologyTransaction(
    TopologyTransaction(
      VettedPackages(
        PAR::sandbox::122038b10468...,
        Vector(
          VettedPackage(packageId = 6f8e6085f576..., unbounded),
          VettedPackage(packageId = 60c61c542207..., unbounded),
          VettedPackage(packageId = a1fa18133ae4..., unbounded),
          VettedPackage(packageId = cae345b5500e..., unbounded),
          VettedPackage(packageId = c3bb0c5d0479..., unbounded),
          VettedPackage(packageId = fcee8dfc1b81..., unbounded),
          VettedPackage(packageId = c280cc3ef501..., unbounded),
          VettedPackage(packageId = 9e70a8b3510d..., unbounded),
          VettedPackage(packageId = 91e167fa7a25..., unbounded),
          VettedPackage(packageId = b70db8369e1c..., unbounded),
          VettedPackage(packageId = f181cd661f7a..., unbounded),
          VettedPackage(packageId = bde4bd30749e..., unbounded),
          VettedPackage(packageId = 19f0df5fdaf5..., unbounded),
          VettedPackage(packageId = ab068e2f920d..., unbounded),
          VettedPackage(packageId = 86d888f34152..., unbounded),
          VettedPackage(packageId = de2cc2f90eb5..., unbounded),
          VettedPackage(packageId = 99ea07e101ed..., unbounded),
          VettedPackage(packageId = 5aee9b21b8e9..., unbounded),
          VettedPackage(packageId = bfda48f9aa2c..., unbounded),
          VettedPackage(packageId = 52854220dc19..., unbounded),
          VettedPackage(packageId = fa79192fe1cc..., unbounded),
          VettedPackage(packageId = 6da1f43a10a1..., unbounded),
          VettedPackage(packageId = 590736e6f7bc..., unbounded),
          VettedPackage(packageId = 0e4a572ab1fb..., unbounded),
          VettedPackage(packageId = d095a2ccf6dd..., unbounded),
          VettedPackage(packageId = ee33fb70918e..., unbounded),
          VettedPackage(packageId = e7e0adfa881e..., unbounded),
          VettedPackage(packageId = 7adc4c2d07fa..., unbounded),
          VettedPackage(packageId = 3cde94fe9be5..., unbounded),
          VettedPackage(packageId = e5411f3d75f0..., unbounded)
        )
      ),
      serial = 1,
      operation = Replace,
      hash = SHA-256:1df59aee0c02...
    ),
    signatures = 122038b10468...
  )
)
2026-09-11 16:01:50,587 [canton-env-ec-32] INFO  c.d.c.t.p.TopologyStateProcessorOld:mediator=mediator1/psid=mysynchronizer::122070a47a88::34-0 tid:fb281daca9eca0d997da1ec27775802a - Persisted topology transactions (SequencedTime(2026-09-11T15:01:50.417109Z), EffectiveTime(2026-09-11T15:01:50.417109Z)):
ValidatedTopologyTransaction(
  SignedTopologyTransaction(
    TopologyTransaction(
      VettedPackages(
        PAR::sandbox::122038b10468...,
        Vector(
          VettedPackage(packageId = 6f8e6085f576..., unbounded),
          VettedPackage(packageId = 60c61c542207..., unbounded),
          VettedPackage(packageId = a1fa18133ae4..., unbounded),
          VettedPackage(packageId = cae345b5500e..., unbounded),
          VettedPackage(packageId = c3bb0c5d0479..., unbounded),
          VettedPackage(packageId = fcee8dfc1b81..., unbounded),
          VettedPackage(packageId = c280cc3ef501..., unbounded),
          VettedPackage(packageId = 9e70a8b3510d..., unbounded),
          VettedPackage(packageId = 91e167fa7a25..., unbounded),
          VettedPackage(packageId = b70db8369e1c..., unbounded),
          VettedPackage(packageId = f181cd661f7a..., unbounded),
          VettedPackage(packageId = bde4bd30749e..., unbounded),
          VettedPackage(packageId = 19f0df5fdaf5..., unbounded),
          VettedPackage(packageId = ab068e2f920d..., unbounded),
          VettedPackage(packageId = 86d888f34152..., unbounded),
          VettedPackage(packageId = de2cc2f90eb5..., unbounded),
          VettedPackage(packageId = 99ea07e101ed..., unbounded),
          VettedPackage(packageId = 5aee9b21b8e9..., unbounded),
          VettedPackage(packageId = bfda48f9aa2c..., unbounded),
          VettedPackage(packageId = 52854220dc19..., unbounded),
          VettedPackage(packageId = fa79192fe1cc..., unbounded),
          VettedPackage(packageId = 6da1f43a10a1..., unbounded),
          VettedPackage(packageId = 590736e6f7bc..., unbounded),
          VettedPackage(packageId = 0e4a572ab1fb..., unbounded),
          VettedPackage(packageId = d095a2ccf6dd..., unbounded),
          VettedPackage(packageId = ee33fb70918e..., unbounded),
          VettedPackage(packageId = e7e0adfa881e..., unbounded),
          VettedPackage(packageId = 7adc4c2d07fa..., unbounded),
          VettedPackage(packageId = 3cde94fe9be5..., unbounded),
          VettedPackage(packageId = e5411f3d75f0..., unbounded)
        )
      ),
      serial = 1,
      operation = Replace,
      hash = SHA-256:1df59aee0c02...
    ),
    signatures = 122038b10468...
  )
)
2026-09-11 16:01:50,601 [canton-env-ec-29] INFO  c.d.c.p.p.ParallelMessageDispatcher:participant=sandbox/psid=mysynchronizer::122070a47a88::34-0 tid:fb281daca9eca0d997da1ec27775802a - Processing event at sc=0, ts=2026-09-11T15:01:50.417109Z, messageId=7119d0b2-060a-44bf-9002-4b04b26f7403, with 1 envelopes
  topo-bcast with ntx=1
2026-09-11 16:01:50,607 [canton-env-ec-64] INFO  c.d.c.t.p.TopologyStateProcessorOld:participant=sandbox/psid=mysynchronizer::122070a47a88::34-0 tid:fb281daca9eca0d997da1ec27775802a - Storing topology transaction 1/1 TxHash(SHA-256:1df59aee0c02...) with ts=EffectiveTime(2026-09-11T15:01:50.417109Z), signedBy=Set(122038b10468...)
2026-09-11 16:01:50,613 [canton-env-ec-29] INFO  c.d.c.t.p.TopologyStateProcessorOld:participant=sandbox/psid=mysynchronizer::122070a47a88::34-0 tid:fb281daca9eca0d997da1ec27775802a - Persisted topology transactions (SequencedTime(2026-09-11T15:01:50.417109Z), EffectiveTime(2026-09-11T15:01:50.417109Z)):
ValidatedTopologyTransaction(
  SignedTopologyTransaction(
    TopologyTransaction(
      VettedPackages(
        PAR::sandbox::122038b10468...,
        Vector(
          VettedPackage(packageId = 6f8e6085f576..., unbounded),
          VettedPackage(packageId = 60c61c542207..., unbounded),
          VettedPackage(packageId = a1fa18133ae4..., unbounded),
          VettedPackage(packageId = cae345b5500e..., unbounded),
          VettedPackage(packageId = c3bb0c5d0479..., unbounded),
          VettedPackage(packageId = fcee8dfc1b81..., unbounded),
          VettedPackage(packageId = c280cc3ef501..., unbounded),
          VettedPackage(packageId = 9e70a8b3510d..., unbounded),
          VettedPackage(packageId = 91e167fa7a25..., unbounded),
          VettedPackage(packageId = b70db8369e1c..., unbounded),
          VettedPackage(packageId = f181cd661f7a..., unbounded),
          VettedPackage(packageId = bde4bd30749e..., unbounded),
          VettedPackage(packageId = 19f0df5fdaf5..., unbounded),
          VettedPackage(packageId = ab068e2f920d..., unbounded),
          VettedPackage(packageId = 86d888f34152..., unbounded),
          VettedPackage(packageId = de2cc2f90eb5..., unbounded),
          VettedPackage(packageId = 99ea07e101ed..., unbounded),
          VettedPackage(packageId = 5aee9b21b8e9..., unbounded),
          VettedPackage(packageId = bfda48f9aa2c..., unbounded),
          VettedPackage(packageId = 52854220dc19..., unbounded),
          VettedPackage(packageId = fa79192fe1cc..., unbounded),
          VettedPackage(packageId = 6da1f43a10a1..., unbounded),
          VettedPackage(packageId = 590736e6f7bc..., unbounded),
          VettedPackage(packageId = 0e4a572ab1fb..., unbounded),
          VettedPackage(packageId = d095a2ccf6dd..., unbounded),
          VettedPackage(packageId = ee33fb70918e..., unbounded),
          VettedPackage(packageId = e7e0adfa881e..., unbounded),
          VettedPackage(packageId = 7adc4c2d07fa..., unbounded),
          VettedPackage(packageId = 3cde94fe9be5..., unbounded),
          VettedPackage(packageId = e5411f3d75f0..., unbounded)
        )
      ),
      serial = 1,
      operation = Replace,
      hash = SHA-256:1df59aee0c02...
    ),
    signatures = 122038b10468...
  )
)
2026-09-11 16:01:50,813 [main] INFO  c.digitalasset.canton.ServerRunner - Bootstrap script successfully executed.
2026-09-11 16:01:50,909 [canton-env-ec-64] INFO  c.d.c.p.a.s.a.ApiPackageManagementService:participant=sandbox tid:4ef511a37684b59dcbd1389886602024 - Uploading DAR file, submissionId -> '236e89e3-0283-4396-a55f-b6bba2709f8c'.
2026-09-11 16:01:53,392 [canton-env-ec-29] INFO  c.d.c.p.a.s.a.ApiPartyManagementService:participant=sandbox tid:f11a140ddf5343b4adbbca08d883ecbe - Listing known parties.
2026-09-11 16:01:54,479 [canton-env-ec-64] INFO  c.d.c.p.a.s.a.PackageUpgradeValidator:participant=sandbox tid:4ef511a37684b59dcbd1389886602024 - Typechecking upgrades for lineage of package-name daml-prim-GHC-Types.
2026-09-11 16:01:54,479 [canton-env-ec-64] INFO  c.d.c.p.a.s.a.PackageUpgradeValidator:participant=sandbox tid:4ef511a37684b59dcbd1389886602024 - Typechecking upgrades for lineage of package-name daml-prim-GHC-Types succeeded.
2026-09-11 16:01:54,479 [canton-env-ec-64] INFO  c.d.c.p.a.s.a.PackageUpgradeValidator:participant=sandbox tid:4ef511a37684b59dcbd1389886602024 - Typechecking upgrades for lineage of package-name daml-prim-DA-Exception-ArithmeticError.
2026-09-11 16:01:54,479 [canton-env-ec-64] INFO  c.d.c.p.a.s.a.PackageUpgradeValidator:participant=sandbox tid:4ef511a37684b59dcbd1389886602024 - Typechecking upgrades for lineage of package-name daml-prim-DA-Exception-ArithmeticError succeeded.
2026-09-11 16:01:54,480 [canton-env-ec-64] INFO  c.d.c.p.a.s.a.PackageUpgradeValidator:participant=sandbox tid:4ef511a37684b59dcbd1389886602024 - Typechecking upgrades for lineage of package-name daml-prim-DA-Internal-PromotedText.
2026-09-11 16:01:54,481 [canton-env-ec-64] INFO  c.d.c.p.a.s.a.PackageUpgradeValidator:participant=sandbox tid:4ef511a37684b59dcbd1389886602024 - Typechecking upgrades for lineage of package-name daml-prim-DA-Internal-PromotedText succeeded.
2026-09-11 16:01:54,481 [canton-env-ec-64] INFO  c.d.c.p.a.s.a.PackageUpgradeValidator:participant=sandbox tid:4ef511a37684b59dcbd1389886602024 - Typechecking upgrades for lineage of package-name daml-prim-DA-Exception-GeneralError.
2026-09-11 16:01:54,481 [canton-env-ec-64] INFO  c.d.c.p.a.s.a.PackageUpgradeValidator:participant=sandbox tid:4ef511a37684b59dcbd1389886602024 - Typechecking upgrades for lineage of package-name daml-prim-DA-Exception-GeneralError succeeded.
2026-09-11 16:01:54,481 [canton-env-ec-64] INFO  c.d.c.p.a.s.a.PackageUpgradeValidator:participant=sandbox tid:4ef511a37684b59dcbd1389886602024 - Typechecking upgrades for lineage of package-name daml-prim-DA-Types.
2026-09-11 16:01:54,481 [canton-env-ec-64] INFO  c.d.c.p.a.s.a.PackageUpgradeValidator:participant=sandbox tid:4ef511a37684b59dcbd1389886602024 - Typechecking upgrades for lineage of package-name daml-prim-DA-Types succeeded.
2026-09-11 16:01:54,481 [canton-env-ec-64] INFO  c.d.c.p.a.s.a.PackageUpgradeValidator:participant=sandbox tid:4ef511a37684b59dcbd1389886602024 - Typechecking upgrades for lineage of package-name daml-prim-DA-Internal-Erased.
2026-09-11 16:01:54,481 [canton-env-ec-64] INFO  c.d.c.p.a.s.a.PackageUpgradeValidator:participant=sandbox tid:4ef511a37684b59dcbd1389886602024 - Typechecking upgrades for lineage of package-name daml-prim-DA-Internal-Erased succeeded.
2026-09-11 16:01:54,481 [canton-env-ec-64] INFO  c.d.c.p.a.s.a.PackageUpgradeValidator:participant=sandbox tid:4ef511a37684b59dcbd1389886602024 - Typechecking upgrades for lineage of package-name daml-prim-GHC-Prim.
2026-09-11 16:01:54,481 [canton-env-ec-64] INFO  c.d.c.p.a.s.a.PackageUpgradeValidator:participant=sandbox tid:4ef511a37684b59dcbd1389886602024 - Typechecking upgrades for lineage of package-name daml-prim-GHC-Prim succeeded.
2026-09-11 16:01:54,481 [canton-env-ec-64] INFO  c.d.c.p.a.s.a.PackageUpgradeValidator:participant=sandbox tid:4ef511a37684b59dcbd1389886602024 - Typechecking upgrades for lineage of package-name daml-prim.
2026-09-11 16:01:54,482 [canton-env-ec-64] INFO  c.d.c.p.a.s.a.PackageUpgradeValidator:participant=sandbox tid:4ef511a37684b59dcbd1389886602024 - Typechecking upgrades for lineage of package-name daml-prim succeeded.
2026-09-11 16:01:54,482 [canton-env-ec-64] INFO  c.d.c.p.a.s.a.PackageUpgradeValidator:participant=sandbox tid:4ef511a37684b59dcbd1389886602024 - Typechecking upgrades for lineage of package-name daml-stdlib-DA-NonEmpty-Types.
2026-09-11 16:01:54,482 [canton-env-ec-64] INFO  c.d.c.p.a.s.a.PackageUpgradeValidator:participant=sandbox tid:4ef511a37684b59dcbd1389886602024 - Typechecking upgrades for lineage of package-name daml-stdlib-DA-NonEmpty-Types succeeded.
2026-09-11 16:01:54,482 [canton-env-ec-64] INFO  c.d.c.p.a.s.a.PackageUpgradeValidator:participant=sandbox tid:4ef511a37684b59dcbd1389886602024 - Typechecking upgrades for lineage of package-name daml-stdlib-DA-Stack-Types.
2026-09-11 16:01:54,482 [canton-env-ec-64] INFO  c.d.c.p.a.s.a.PackageUpgradeValidator:participant=sandbox tid:4ef511a37684b59dcbd1389886602024 - Typechecking upgrades for lineage of package-name daml-stdlib-DA-Stack-Types succeeded.
2026-09-11 16:01:54,482 [canton-env-ec-64] INFO  c.d.c.p.a.s.a.PackageUpgradeValidator:participant=sandbox tid:4ef511a37684b59dcbd1389886602024 - Typechecking upgrades for lineage of package-name daml-stdlib-DA-Internal-Interface-AnyView-Types.
2026-09-11 16:01:54,482 [canton-env-ec-64] INFO  c.d.c.p.a.s.a.PackageUpgradeValidator:participant=sandbox tid:4ef511a37684b59dcbd1389886602024 - Typechecking upgrades for lineage of package-name daml-stdlib-DA-Internal-Interface-AnyView-Types succeeded.
2026-09-11 16:01:54,482 [canton-env-ec-64] INFO  c.d.c.p.a.s.a.PackageUpgradeValidator:participant=sandbox tid:4ef511a37684b59dcbd1389886602024 - Typechecking upgrades for lineage of package-name ghc-stdlib-DA-Internal-Template.
2026-09-11 16:01:54,482 [canton-env-ec-64] INFO  c.d.c.p.a.s.a.PackageUpgradeValidator:participant=sandbox tid:4ef511a37684b59dcbd1389886602024 - Typechecking upgrades for lineage of package-name ghc-stdlib-DA-Internal-Template succeeded.
2026-09-11 16:01:54,482 [canton-env-ec-64] INFO  c.d.c.p.a.s.a.PackageUpgradeValidator:participant=sandbox tid:4ef511a37684b59dcbd1389886602024 - Typechecking upgrades for lineage of package-name daml-stdlib-DA-Date-Types.
2026-09-11 16:01:54,482 [canton-env-ec-64] INFO  c.d.c.p.a.s.a.PackageUpgradeValidator:participant=sandbox tid:4ef511a37684b59dcbd1389886602024 - Typechecking upgrades for lineage of package-name daml-stdlib-DA-Date-Types succeeded.
2026-09-11 16:01:54,482 [canton-env-ec-64] INFO  c.d.c.p.a.s.a.PackageUpgradeValidator:participant=sandbox tid:4ef511a37684b59dcbd1389886602024 - Typechecking upgrades for lineage of package-name daml-stdlib-DA-Time-Types.
2026-09-11 16:01:54,483 [canton-env-ec-64] INFO  c.d.c.p.a.s.a.PackageUpgradeValidator:participant=sandbox tid:4ef511a37684b59dcbd1389886602024 - Typechecking upgrades for lineage of package-name daml-stdlib-DA-Time-Types succeeded.
2026-09-11 16:01:54,483 [canton-env-ec-64] INFO  c.d.c.p.a.s.a.PackageUpgradeValidator:participant=sandbox tid:4ef511a37684b59dcbd1389886602024 - Typechecking upgrades for lineage of package-name daml-stdlib-DA-Monoid-Types.
2026-09-11 16:01:54,483 [canton-env-ec-64] INFO  c.d.c.p.a.s.a.PackageUpgradeValidator:participant=sandbox tid:4ef511a37684b59dcbd1389886602024 - Typechecking upgrades for lineage of package-name daml-stdlib-DA-Monoid-Types succeeded.
2026-09-11 16:01:54,483 [canton-env-ec-64] INFO  c.d.c.p.a.s.a.PackageUpgradeValidator:participant=sandbox tid:4ef511a37684b59dcbd1389886602024 - Typechecking upgrades for lineage of package-name daml-prim-DA-Exception-PreconditionFailed.
2026-09-11 16:01:54,483 [canton-env-ec-64] INFO  c.d.c.p.a.s.a.PackageUpgradeValidator:participant=sandbox tid:4ef511a37684b59dcbd1389886602024 - Typechecking upgrades for lineage of package-name daml-prim-DA-Exception-PreconditionFailed succeeded.
2026-09-11 16:01:54,483 [canton-env-ec-64] INFO  c.d.c.p.a.s.a.PackageUpgradeValidator:participant=sandbox tid:4ef511a37684b59dcbd1389886602024 - Typechecking upgrades for lineage of package-name daml-stdlib-DA-Semigroup-Types.
2026-09-11 16:01:54,484 [canton-env-ec-64] INFO  c.d.c.p.a.s.a.PackageUpgradeValidator:participant=sandbox tid:4ef511a37684b59dcbd1389886602024 - Typechecking upgrades for lineage of package-name daml-stdlib-DA-Semigroup-Types succeeded.
2026-09-11 16:01:54,484 [canton-env-ec-64] INFO  c.d.c.p.a.s.a.PackageUpgradeValidator:participant=sandbox tid:4ef511a37684b59dcbd1389886602024 - Typechecking upgrades for lineage of package-name daml-stdlib-DA-Logic-Types.
2026-09-11 16:01:54,484 [canton-env-ec-64] INFO  c.d.c.p.a.s.a.PackageUpgradeValidator:participant=sandbox tid:4ef511a37684b59dcbd1389886602024 - Typechecking upgrades for lineage of package-name daml-stdlib-DA-Logic-Types succeeded.
2026-09-11 16:01:54,484 [canton-env-ec-64] INFO  c.d.c.p.a.s.a.PackageUpgradeValidator:participant=sandbox tid:4ef511a37684b59dcbd1389886602024 - Typechecking upgrades for lineage of package-name daml-stdlib-DA-Set-Types.
2026-09-11 16:01:54,484 [canton-env-ec-64] INFO  c.d.c.p.a.s.a.PackageUpgradeValidator:participant=sandbox tid:4ef511a37684b59dcbd1389886602024 - Typechecking upgrades for lineage of package-name daml-stdlib-DA-Set-Types succeeded.
2026-09-11 16:01:54,484 [canton-env-ec-64] INFO  c.d.c.p.a.s.a.PackageUpgradeValidator:participant=sandbox tid:4ef511a37684b59dcbd1389886602024 - Typechecking upgrades for lineage of package-name daml-stdlib-DA-Internal-Down.
2026-09-11 16:01:54,484 [canton-env-ec-64] INFO  c.d.c.p.a.s.a.PackageUpgradeValidator:participant=sandbox tid:4ef511a37684b59dcbd1389886602024 - Typechecking upgrades for lineage of package-name daml-stdlib-DA-Internal-Down succeeded.
2026-09-11 16:01:54,484 [canton-env-ec-64] INFO  c.d.c.p.a.s.a.PackageUpgradeValidator:participant=sandbox tid:4ef511a37684b59dcbd1389886602024 - Typechecking upgrades for lineage of package-name daml-prim-DA-Exception-AssertionFailed.
2026-09-11 16:01:54,484 [canton-env-ec-64] INFO  c.d.c.p.a.s.a.PackageUpgradeValidator:participant=sandbox tid:4ef511a37684b59dcbd1389886602024 - Typechecking upgrades for lineage of package-name daml-prim-DA-Exception-AssertionFailed succeeded.
2026-09-11 16:01:54,484 [canton-env-ec-64] INFO  c.d.c.p.a.s.a.PackageUpgradeValidator:participant=sandbox tid:4ef511a37684b59dcbd1389886602024 - Typechecking upgrades for lineage of package-name daml-stdlib-DA-Action-State-Type.
2026-09-11 16:01:54,485 [canton-env-ec-64] INFO  c.d.c.p.a.s.a.PackageUpgradeValidator:participant=sandbox tid:4ef511a37684b59dcbd1389886602024 - Typechecking upgrades for lineage of package-name daml-stdlib-DA-Action-State-Type succeeded.
2026-09-11 16:01:54,485 [canton-env-ec-64] INFO  c.d.c.p.a.s.a.PackageUpgradeValidator:participant=sandbox tid:4ef511a37684b59dcbd1389886602024 - Typechecking upgrades for lineage of package-name ghc-stdlib-DA-Internal-Any.
2026-09-11 16:01:54,485 [canton-env-ec-64] INFO  c.d.c.p.a.s.a.PackageUpgradeValidator:participant=sandbox tid:4ef511a37684b59dcbd1389886602024 - Typechecking upgrades for lineage of package-name ghc-stdlib-DA-Internal-Any succeeded.
2026-09-11 16:01:54,485 [canton-env-ec-64] INFO  c.d.c.p.a.s.a.PackageUpgradeValidator:participant=sandbox tid:4ef511a37684b59dcbd1389886602024 - Typechecking upgrades for lineage of package-name daml-stdlib-DA-Internal-Fail-Types.
2026-09-11 16:01:54,485 [canton-env-ec-64] INFO  c.d.c.p.a.s.a.PackageUpgradeValidator:participant=sandbox tid:4ef511a37684b59dcbd1389886602024 - Typechecking upgrades for lineage of package-name daml-stdlib-DA-Internal-Fail-Types succeeded.
2026-09-11 16:01:54,485 [canton-env-ec-64] INFO  c.d.c.p.a.s.a.PackageUpgradeValidator:participant=sandbox tid:4ef511a37684b59dcbd1389886602024 - Typechecking upgrades for lineage of package-name daml-stdlib-DA-Random-Types.
2026-09-11 16:01:54,485 [canton-env-ec-64] INFO  c.d.c.p.a.s.a.PackageUpgradeValidator:participant=sandbox tid:4ef511a37684b59dcbd1389886602024 - Typechecking upgrades for lineage of package-name daml-stdlib-DA-Random-Types succeeded.
2026-09-11 16:01:54,485 [canton-env-ec-64] INFO  c.d.c.p.a.s.a.PackageUpgradeValidator:participant=sandbox tid:4ef511a37684b59dcbd1389886602024 - Typechecking upgrades for lineage of package-name daml-stdlib-DA-Validation-Types.
2026-09-11 16:01:54,485 [canton-env-ec-64] INFO  c.d.c.p.a.s.a.PackageUpgradeValidator:participant=sandbox tid:4ef511a37684b59dcbd1389886602024 - Typechecking upgrades for lineage of package-name daml-stdlib-DA-Validation-Types succeeded.
2026-09-11 16:01:54,485 [canton-env-ec-64] INFO  c.d.c.p.a.s.a.PackageUpgradeValidator:participant=sandbox tid:4ef511a37684b59dcbd1389886602024 - Typechecking upgrades for lineage of package-name daml-stdlib.
2026-09-11 16:01:54,486 [canton-env-ec-64] INFO  c.d.c.p.a.s.a.PackageUpgradeValidator:participant=sandbox tid:4ef511a37684b59dcbd1389886602024 - Typechecking upgrades for lineage of package-name daml-stdlib succeeded.
2026-09-11 16:01:54,486 [canton-env-ec-64] INFO  c.d.c.p.a.s.a.PackageUpgradeValidator:participant=sandbox tid:4ef511a37684b59dcbd1389886602024 - Typechecking upgrades for lineage of package-name splice-api-token-metadata-v1.
2026-09-11 16:01:54,486 [canton-env-ec-64] INFO  c.d.c.p.a.s.a.PackageUpgradeValidator:participant=sandbox tid:4ef511a37684b59dcbd1389886602024 - Typechecking upgrades for lineage of package-name splice-api-token-metadata-v1 succeeded.
2026-09-11 16:01:54,486 [canton-env-ec-64] INFO  c.d.c.p.a.s.a.PackageUpgradeValidator:participant=sandbox tid:4ef511a37684b59dcbd1389886602024 - Typechecking upgrades for lineage of package-name splice-api-token-holding-v1.
2026-09-11 16:01:54,486 [canton-env-ec-64] INFO  c.d.c.p.a.s.a.PackageUpgradeValidator:participant=sandbox tid:4ef511a37684b59dcbd1389886602024 - Typechecking upgrades for lineage of package-name splice-api-token-holding-v1 succeeded.
2026-09-11 16:01:54,486 [canton-env-ec-64] INFO  c.d.c.p.a.s.a.PackageUpgradeValidator:participant=sandbox tid:4ef511a37684b59dcbd1389886602024 - Typechecking upgrades for lineage of package-name splice-api-token-allocation-v1.
2026-09-11 16:01:54,486 [canton-env-ec-64] INFO  c.d.c.p.a.s.a.PackageUpgradeValidator:participant=sandbox tid:4ef511a37684b59dcbd1389886602024 - Typechecking upgrades for lineage of package-name splice-api-token-allocation-v1 succeeded.
2026-09-11 16:01:54,486 [canton-env-ec-64] INFO  c.d.c.p.a.s.a.PackageUpgradeValidator:participant=sandbox tid:4ef511a37684b59dcbd1389886602024 - Typechecking upgrades for lineage of package-name splice-api-token-allocation-instruction-v1.
2026-09-11 16:01:54,486 [canton-env-ec-64] INFO  c.d.c.p.a.s.a.PackageUpgradeValidator:participant=sandbox tid:4ef511a37684b59dcbd1389886602024 - Typechecking upgrades for lineage of package-name splice-api-token-allocation-instruction-v1 succeeded.
2026-09-11 16:01:54,486 [canton-env-ec-64] INFO  c.d.c.p.a.s.a.PackageUpgradeValidator:participant=sandbox tid:4ef511a37684b59dcbd1389886602024 - Typechecking upgrades for lineage of package-name ballast.
2026-09-11 16:01:54,486 [canton-env-ec-64] INFO  c.d.c.p.a.s.a.PackageUpgradeValidator:participant=sandbox tid:4ef511a37684b59dcbd1389886602024 - Typechecking upgrades for lineage of package-name ballast succeeded.
2026-09-11 16:01:54,492 [canton-env-ec-32] INFO  c.d.c.t.p.TopologyStateProcessorOld:participant=sandbox/psid=mysynchronizer::122070a47a88::34-0 tid:4ef511a37684b59dcbd1389886602024 - Enqueuing topology transaction 1/1 TxHash(SHA-256:178703240eba...) with ts=EffectiveTime(2026-09-11T15:01:50.417110Z), signedBy=Set(122038b10468...)
2026-09-11 16:01:54,496 [canton-env-ec-32] INFO  c.d.c.t.p.TopologyStateProcessorOld:participant=sandbox/psid=mysynchronizer::122070a47a88::34-0 tid:4ef511a37684b59dcbd1389886602024 - Enqueued topology transactions:
ValidatedTopologyTransaction(
  SignedTopologyTransaction(
    TopologyTransaction(
      VettedPackages(
        PAR::sandbox::122038b10468...,
        Vector(
          VettedPackage(packageId = 6f8e6085f576..., unbounded),
          VettedPackage(packageId = 60c61c542207..., unbounded),
          VettedPackage(packageId = a1fa18133ae4..., unbounded),
          VettedPackage(packageId = cae345b5500e..., unbounded),
          VettedPackage(packageId = c3bb0c5d0479..., unbounded),
          VettedPackage(packageId = fcee8dfc1b81..., unbounded),
          VettedPackage(packageId = c280cc3ef501..., unbounded),
          VettedPackage(packageId = 9e70a8b3510d..., unbounded),
          VettedPackage(packageId = 91e167fa7a25..., unbounded),
          VettedPackage(packageId = b70db8369e1c..., unbounded),
          VettedPackage(packageId = f181cd661f7a..., unbounded),
          VettedPackage(packageId = bde4bd30749e..., unbounded),
          VettedPackage(packageId = 19f0df5fdaf5..., unbounded),
          VettedPackage(packageId = ab068e2f920d..., unbounded),
          VettedPackage(packageId = 86d888f34152..., unbounded),
          VettedPackage(packageId = de2cc2f90eb5..., unbounded),
          VettedPackage(packageId = 99ea07e101ed..., unbounded),
          VettedPackage(packageId = 5aee9b21b8e9..., unbounded),
          VettedPackage(packageId = bfda48f9aa2c..., unbounded),
          VettedPackage(packageId = 52854220dc19..., unbounded),
          VettedPackage(packageId = fa79192fe1cc..., unbounded),
          VettedPackage(packageId = 6da1f43a10a1..., unbounded),
          VettedPackage(packageId = 590736e6f7bc..., unbounded),
          VettedPackage(packageId = 0e4a572ab1fb..., unbounded),
          VettedPackage(packageId = d095a2ccf6dd..., unbounded),
          VettedPackage(packageId = ee33fb70918e..., unbounded),
          VettedPackage(packageId = e7e0adfa881e..., unbounded),
          VettedPackage(packageId = 7adc4c2d07fa..., unbounded),
          VettedPackage(packageId = 3cde94fe9be5..., unbounded),
          VettedPackage(packageId = e5411f3d75f0..., unbounded),
          VettedPackage(packageId = 4ded6b668cb3..., unbounded),
          VettedPackage(packageId = 93c942ae2b4c..., unbounded),
          VettedPackage(packageId = 3b25c9b08ac6..., unbounded),
          VettedPackage(packageId = 54f85ebfc7df..., unbounded),
          VettedPackage(packageId = 9d1a644e6864..., unbounded),
          VettedPackage(packageId = 275064aacfe9..., unbounded),
          VettedPackage(packageId = 7cff38e34bd1..., unbounded),
          VettedPackage(packageId = 718a0f77e505..., unbounded),
          VettedPackage(packageId = 9744f732db9f..., unbounded)
        )
      ),
      serial = 2,
      operation = Replace,
      hash = SHA-256:178703240eba...
    ),
    signatures = 122038b10468...
  )
)
2026-09-11 16:01:54,518 [canton-env-ec-30] INFO  c.d.c.s.s.s.GrpcSequencerService:sequencer=sequencer1 tid:1b7ccaf1b32e4e31b3eea82f3e5519c3 - 'PAR::sandbox::122038b10468...' sends request with id '5ee7d5df-ec42-4f46-b6df-3ff8a394d98e' of size 2165 bytes with 1 envelopes.
2026-09-11 16:01:54,611 [canton-env-ec-67] INFO  c.d.c.s.b.u.BlockChunkProcessor:sequencer=sequencer1/psid=mysynchronizer::122070a47a88::34-0 tid:1b7ccaf1b32e4e31b3eea82f3e5519c3 - Processing block 2, data chunk 0. Last chunk timestamp=2026-09-11T15:01:50.417109Z, last sequencer event timestamp=Some(2026-09-11T15:01:50.417109Z). 1 events:
  Send of '5ee7d5df-ec42-4f46-b6df-3ff8a394d98e' at 2026-09-11T15:01:54.521785Z (tc=1b7ccaf1b32e4e31b3eea82f3e5519c3)
2026-09-11 16:01:54,629 [canton-env-ec-32] INFO  c.d.c.t.p.TopologyStateProcessorOld:sequencer=sequencer1/psid=mysynchronizer::122070a47a88::34-0 tid:1b7ccaf1b32e4e31b3eea82f3e5519c3 - Storing topology transaction 1/1 TxHash(SHA-256:178703240eba...) with ts=EffectiveTime(2026-09-11T15:01:54.521785Z), signedBy=Set(122038b10468...)
2026-09-11 16:01:54,635 [canton-env-ec-32] INFO  c.d.c.t.p.TopologyStateProcessorOld:sequencer=sequencer1/psid=mysynchronizer::122070a47a88::34-0 tid:1b7ccaf1b32e4e31b3eea82f3e5519c3 - Persisted topology transactions (SequencedTime(2026-09-11T15:01:54.521785Z), EffectiveTime(2026-09-11T15:01:54.521785Z)):
ValidatedTopologyTransaction(
  SignedTopologyTransaction(
    TopologyTransaction(
      VettedPackages(
        PAR::sandbox::122038b10468...,
        Vector(
          VettedPackage(packageId = 6f8e6085f576..., unbounded),
          VettedPackage(packageId = 60c61c542207..., unbounded),
          VettedPackage(packageId = a1fa18133ae4..., unbounded),
          VettedPackage(packageId = cae345b5500e..., unbounded),
          VettedPackage(packageId = c3bb0c5d0479..., unbounded),
          VettedPackage(packageId = fcee8dfc1b81..., unbounded),
          VettedPackage(packageId = c280cc3ef501..., unbounded),
          VettedPackage(packageId = 9e70a8b3510d..., unbounded),
          VettedPackage(packageId = 91e167fa7a25..., unbounded),
          VettedPackage(packageId = b70db8369e1c..., unbounded),
          VettedPackage(packageId = f181cd661f7a..., unbounded),
          VettedPackage(packageId = bde4bd30749e..., unbounded),
          VettedPackage(packageId = 19f0df5fdaf5..., unbounded),
          VettedPackage(packageId = ab068e2f920d..., unbounded),
          VettedPackage(packageId = 86d888f34152..., unbounded),
          VettedPackage(packageId = de2cc2f90eb5..., unbounded),
          VettedPackage(packageId = 99ea07e101ed..., unbounded),
          VettedPackage(packageId = 5aee9b21b8e9..., unbounded),
          VettedPackage(packageId = bfda48f9aa2c..., unbounded),
          VettedPackage(packageId = 52854220dc19..., unbounded),
          VettedPackage(packageId = fa79192fe1cc..., unbounded),
          VettedPackage(packageId = 6da1f43a10a1..., unbounded),
          VettedPackage(packageId = 590736e6f7bc..., unbounded),
          VettedPackage(packageId = 0e4a572ab1fb..., unbounded),
          VettedPackage(packageId = d095a2ccf6dd..., unbounded),
          VettedPackage(packageId = ee33fb70918e..., unbounded),
          VettedPackage(packageId = e7e0adfa881e..., unbounded),
          VettedPackage(packageId = 7adc4c2d07fa..., unbounded),
          VettedPackage(packageId = 3cde94fe9be5..., unbounded),
          VettedPackage(packageId = e5411f3d75f0..., unbounded),
          VettedPackage(packageId = 4ded6b668cb3..., unbounded),
          VettedPackage(packageId = 93c942ae2b4c..., unbounded),
          VettedPackage(packageId = 3b25c9b08ac6..., unbounded),
          VettedPackage(packageId = 54f85ebfc7df..., unbounded),
          VettedPackage(packageId = 9d1a644e6864..., unbounded),
          VettedPackage(packageId = 275064aacfe9..., unbounded),
          VettedPackage(packageId = 7cff38e34bd1..., unbounded),
          VettedPackage(packageId = 718a0f77e505..., unbounded),
          VettedPackage(packageId = 9744f732db9f..., unbounded)
        )
      ),
      serial = 2,
      operation = Replace,
      hash = SHA-256:178703240eba...
    ),
    signatures = 122038b10468...
  )
)
2026-09-11 16:01:54,638 [canton-env-ec-30] INFO  c.d.c.p.p.ParallelMessageDispatcher:participant=sandbox/psid=mysynchronizer::122070a47a88::34-0 tid:1b7ccaf1b32e4e31b3eea82f3e5519c3 - Processing event at sc=1, ts=2026-09-11T15:01:54.521785Z, messageId=5ee7d5df-ec42-4f46-b6df-3ff8a394d98e, with 1 envelopes
  topo-bcast with ntx=1
2026-09-11 16:01:54,643 [canton-env-ec-30] INFO  c.d.c.t.p.TopologyStateProcessorOld:participant=sandbox/psid=mysynchronizer::122070a47a88::34-0 tid:1b7ccaf1b32e4e31b3eea82f3e5519c3 - Storing topology transaction 1/1 TxHash(SHA-256:178703240eba...) with ts=EffectiveTime(2026-09-11T15:01:54.521785Z), signedBy=Set(122038b10468...)
2026-09-11 16:01:54,647 [canton-env-ec-30] INFO  c.d.c.t.p.TopologyStateProcessorOld:participant=sandbox/psid=mysynchronizer::122070a47a88::34-0 tid:1b7ccaf1b32e4e31b3eea82f3e5519c3 - Persisted topology transactions (SequencedTime(2026-09-11T15:01:54.521785Z), EffectiveTime(2026-09-11T15:01:54.521785Z)):
ValidatedTopologyTransaction(
  SignedTopologyTransaction(
    TopologyTransaction(
      VettedPackages(
        PAR::sandbox::122038b10468...,
        Vector(
          VettedPackage(packageId = 6f8e6085f576..., unbounded),
          VettedPackage(packageId = 60c61c542207..., unbounded),
          VettedPackage(packageId = a1fa18133ae4..., unbounded),
          VettedPackage(packageId = cae345b5500e..., unbounded),
          VettedPackage(packageId = c3bb0c5d0479..., unbounded),
          VettedPackage(packageId = fcee8dfc1b81..., unbounded),
          VettedPackage(packageId = c280cc3ef501..., unbounded),
          VettedPackage(packageId = 9e70a8b3510d..., unbounded),
          VettedPackage(packageId = 91e167fa7a25..., unbounded),
          VettedPackage(packageId = b70db8369e1c..., unbounded),
          VettedPackage(packageId = f181cd661f7a..., unbounded),
          VettedPackage(packageId = bde4bd30749e..., unbounded),
          VettedPackage(packageId = 19f0df5fdaf5..., unbounded),
          VettedPackage(packageId = ab068e2f920d..., unbounded),
          VettedPackage(packageId = 86d888f34152..., unbounded),
          VettedPackage(packageId = de2cc2f90eb5..., unbounded),
          VettedPackage(packageId = 99ea07e101ed..., unbounded),
          VettedPackage(packageId = 5aee9b21b8e9..., unbounded),
          VettedPackage(packageId = bfda48f9aa2c..., unbounded),
          VettedPackage(packageId = 52854220dc19..., unbounded),
          VettedPackage(packageId = fa79192fe1cc..., unbounded),
          VettedPackage(packageId = 6da1f43a10a1..., unbounded),
          VettedPackage(packageId = 590736e6f7bc..., unbounded),
          VettedPackage(packageId = 0e4a572ab1fb..., unbounded),
          VettedPackage(packageId = d095a2ccf6dd..., unbounded),
          VettedPackage(packageId = ee33fb70918e..., unbounded),
          VettedPackage(packageId = e7e0adfa881e..., unbounded),
          VettedPackage(packageId = 7adc4c2d07fa..., unbounded),
          VettedPackage(packageId = 3cde94fe9be5..., unbounded),
          VettedPackage(packageId = e5411f3d75f0..., unbounded),
          VettedPackage(packageId = 4ded6b668cb3..., unbounded),
          VettedPackage(packageId = 93c942ae2b4c..., unbounded),
          VettedPackage(packageId = 3b25c9b08ac6..., unbounded),
          VettedPackage(packageId = 54f85ebfc7df..., unbounded),
          VettedPackage(packageId = 9d1a644e6864..., unbounded),
          VettedPackage(packageId = 275064aacfe9..., unbounded),
          VettedPackage(packageId = 7cff38e34bd1..., unbounded),
          VettedPackage(packageId = 718a0f77e505..., unbounded),
          VettedPackage(packageId = 9744f732db9f..., unbounded)
        )
      ),
      serial = 2,
      operation = Replace,
      hash = SHA-256:178703240eba...
    ),
    signatures = 122038b10468...
  )
)
2026-09-11 16:01:54,648 [canton-env-ec-67] INFO  c.d.c.t.p.TopologyStateProcessorOld:mediator=mediator1/psid=mysynchronizer::122070a47a88::34-0 tid:1b7ccaf1b32e4e31b3eea82f3e5519c3 - Storing topology transaction 1/1 TxHash(SHA-256:178703240eba...) with ts=EffectiveTime(2026-09-11T15:01:54.521785Z), signedBy=Set(122038b10468...)
2026-09-11 16:01:54,653 [canton-env-ec-67] INFO  c.d.c.t.p.TopologyStateProcessorOld:mediator=mediator1/psid=mysynchronizer::122070a47a88::34-0 tid:1b7ccaf1b32e4e31b3eea82f3e5519c3 - Persisted topology transactions (SequencedTime(2026-09-11T15:01:54.521785Z), EffectiveTime(2026-09-11T15:01:54.521785Z)):
ValidatedTopologyTransaction(
  SignedTopologyTransaction(
    TopologyTransaction(
      VettedPackages(
        PAR::sandbox::122038b10468...,
        Vector(
          VettedPackage(packageId = 6f8e6085f576..., unbounded),
          VettedPackage(packageId = 60c61c542207..., unbounded),
          VettedPackage(packageId = a1fa18133ae4..., unbounded),
          VettedPackage(packageId = cae345b5500e..., unbounded),
          VettedPackage(packageId = c3bb0c5d0479..., unbounded),
          VettedPackage(packageId = fcee8dfc1b81..., unbounded),
          VettedPackage(packageId = c280cc3ef501..., unbounded),
          VettedPackage(packageId = 9e70a8b3510d..., unbounded),
          VettedPackage(packageId = 91e167fa7a25..., unbounded),
          VettedPackage(packageId = b70db8369e1c..., unbounded),
          VettedPackage(packageId = f181cd661f7a..., unbounded),
          VettedPackage(packageId = bde4bd30749e..., unbounded),
          VettedPackage(packageId = 19f0df5fdaf5..., unbounded),
          VettedPackage(packageId = ab068e2f920d..., unbounded),
          VettedPackage(packageId = 86d888f34152..., unbounded),
          VettedPackage(packageId = de2cc2f90eb5..., unbounded),
          VettedPackage(packageId = 99ea07e101ed..., unbounded),
          VettedPackage(packageId = 5aee9b21b8e9..., unbounded),
          VettedPackage(packageId = bfda48f9aa2c..., unbounded),
          VettedPackage(packageId = 52854220dc19..., unbounded),
          VettedPackage(packageId = fa79192fe1cc..., unbounded),
          VettedPackage(packageId = 6da1f43a10a1..., unbounded),
          VettedPackage(packageId = 590736e6f7bc..., unbounded),
          VettedPackage(packageId = 0e4a572ab1fb..., unbounded),
          VettedPackage(packageId = d095a2ccf6dd..., unbounded),
          VettedPackage(packageId = ee33fb70918e..., unbounded),
          VettedPackage(packageId = e7e0adfa881e..., unbounded),
          VettedPackage(packageId = 7adc4c2d07fa..., unbounded),
          VettedPackage(packageId = 3cde94fe9be5..., unbounded),
          VettedPackage(packageId = e5411f3d75f0..., unbounded),
          VettedPackage(packageId = 4ded6b668cb3..., unbounded),
          VettedPackage(packageId = 93c942ae2b4c..., unbounded),
          VettedPackage(packageId = 3b25c9b08ac6..., unbounded),
          VettedPackage(packageId = 54f85ebfc7df..., unbounded),
          VettedPackage(packageId = 9d1a644e6864..., unbounded),
          VettedPackage(packageId = 275064aacfe9..., unbounded),
          VettedPackage(packageId = 7cff38e34bd1..., unbounded),
          VettedPackage(packageId = 718a0f77e505..., unbounded),
          VettedPackage(packageId = 9744f732db9f..., unbounded)
        )
      ),
      serial = 2,
      operation = Replace,
      hash = SHA-256:178703240eba...
    ),
    signatures = 122038b10468...
  )
)
2026-09-11 16:02:00,869 [canton-env-ec-30] INFO  c.d.c.p.a.s.a.ApiPartyManagementService:participant=sandbox tid:1bfc383de21a0f45fbd90b12d288c730 - Listing known parties.
2026-09-11 16:02:00,894 [canton-env-ec-29] INFO  c.d.c.p.a.s.ApiPackageService:participant=sandbox tid:9138c69ad29be262b6171a087f0dedfe - Received request to list packages: ListPackagesRequest()
2026-09-11 16:02:00,940 [canton-env-ec-30] INFO  c.d.c.p.a.s.a.ApiPackageManagementService:participant=sandbox tid:315102dad45e27ef2c0fe4556ffb02a2 - Uploading DAR file, submissionId -> '348c9dfa-0d22-47c0-bef4-c430805772f1'.
2026-09-11 16:02:02,596 [canton-env-ec-29] INFO  c.d.c.p.a.s.ApiPackageService:participant=sandbox tid:68db01da26b38d73df5913a5d80097c9 - Received request to list packages: ListPackagesRequest()
2026-09-11 16:02:02,672 [canton-env-ec-32] INFO  c.d.c.p.a.s.a.ApiPartyManagementService:participant=sandbox tid:ac7c7a130cb62ae21da99491f5996d1a - Allocating party, parties -> ['ballast-manager'].
2026-09-11 16:02:02,752 [canton-env-ec-64] INFO  c.d.c.t.p.TopologyStateProcessorOld:participant=sandbox/psid=mysynchronizer::122070a47a88::34-0 tid:ac7c7a130cb62ae21da99491f5996d1a - Enqueuing topology transaction 1/1 TxHash(SHA-256:83bf8029c985...) with ts=EffectiveTime(2026-09-11T15:01:54.521786Z), signedBy=Set(122038b10468...)
2026-09-11 16:02:02,753 [canton-env-ec-64] INFO  c.d.c.t.p.TopologyStateProcessorOld:participant=sandbox/psid=mysynchronizer::122070a47a88::34-0 tid:ac7c7a130cb62ae21da99491f5996d1a - Enqueued topology transactions:
ValidatedTopologyTransaction(
  SignedTopologyTransaction(
    TopologyTransaction(
      PartyToParticipant(ballast-manager::122038b10468..., PositiveNumeric(1), List(HostingParticipant(PAR::sandbox::122038b10468..., Submission, false)), None),
      serial = 1,
      operation = Replace,
      hash = SHA-256:83bf8029c985...
    ),
    signatures = 122038b10468...
  )
)
2026-09-11 16:02:02,769 [canton-env-ec-29] INFO  c.d.c.s.s.s.GrpcSequencerService:sequencer=sequencer1 tid:cd6c76481e1935b78e1f6cad8b600aaf - 'PAR::sandbox::122038b10468...' sends request with id 'c93733f8-f28a-4f0c-9d0f-f9ae9b3171f6' of size 650 bytes with 1 envelopes.
2026-09-11 16:02:02,921 [canton-env-ec-29] INFO  c.d.c.s.b.u.BlockChunkProcessor:sequencer=sequencer1/psid=mysynchronizer::122070a47a88::34-0 tid:cd6c76481e1935b78e1f6cad8b600aaf - Processing block 3, data chunk 0. Last chunk timestamp=2026-09-11T15:01:54.521785Z, last sequencer event timestamp=Some(2026-09-11T15:01:54.521785Z). 1 events:
  Send of 'c93733f8-f28a-4f0c-9d0f-f9ae9b3171f6' at 2026-09-11T15:02:02.772645Z (tc=cd6c76481e1935b78e1f6cad8b600aaf)
2026-09-11 16:02:03,026 [canton-env-ec-29] INFO  c.d.c.t.p.TopologyStateProcessorOld:mediator=mediator1/psid=mysynchronizer::122070a47a88::34-0 tid:cd6c76481e1935b78e1f6cad8b600aaf - Storing topology transaction 1/1 TxHash(SHA-256:83bf8029c985...) with ts=EffectiveTime(2026-09-11T15:02:02.772645Z), signedBy=Set(122038b10468...)
2026-09-11 16:02:03,027 [canton-env-ec-30] INFO  c.d.c.t.p.TopologyStateProcessorOld:sequencer=sequencer1/psid=mysynchronizer::122070a47a88::34-0 tid:cd6c76481e1935b78e1f6cad8b600aaf - Storing topology transaction 1/1 TxHash(SHA-256:83bf8029c985...) with ts=EffectiveTime(2026-09-11T15:02:02.772645Z), signedBy=Set(122038b10468...)
2026-09-11 16:02:03,029 [canton-env-ec-30] INFO  c.d.c.t.p.TopologyStateProcessorOld:sequencer=sequencer1/psid=mysynchronizer::122070a47a88::34-0 tid:cd6c76481e1935b78e1f6cad8b600aaf - Persisted topology transactions (SequencedTime(2026-09-11T15:02:02.772645Z), EffectiveTime(2026-09-11T15:02:02.772645Z)):
ValidatedTopologyTransaction(
  SignedTopologyTransaction(
    TopologyTransaction(
      PartyToParticipant(ballast-manager::122038b10468..., PositiveNumeric(1), Vector(HostingParticipant(PAR::sandbox::122038b10468..., Submission, false)), None),
      serial = 1,
      operation = Replace,
      hash = SHA-256:83bf8029c985...
    ),
    signatures = 122038b10468...
  )
)
2026-09-11 16:02:03,033 [canton-env-ec-29] INFO  c.d.c.t.p.TopologyStateProcessorOld:mediator=mediator1/psid=mysynchronizer::122070a47a88::34-0 tid:cd6c76481e1935b78e1f6cad8b600aaf - Persisted topology transactions (SequencedTime(2026-09-11T15:02:02.772645Z), EffectiveTime(2026-09-11T15:02:02.772645Z)):
ValidatedTopologyTransaction(
  SignedTopologyTransaction(
    TopologyTransaction(
      PartyToParticipant(ballast-manager::122038b10468..., PositiveNumeric(1), Vector(HostingParticipant(PAR::sandbox::122038b10468..., Submission, false)), None),
      serial = 1,
      operation = Replace,
      hash = SHA-256:83bf8029c985...
    ),
    signatures = 122038b10468...
  )
)
2026-09-11 16:02:03,045 [canton-env-ec-30] INFO  c.d.c.p.p.ParallelMessageDispatcher:participant=sandbox/psid=mysynchronizer::122070a47a88::34-0 tid:cd6c76481e1935b78e1f6cad8b600aaf - Processing event at sc=2, ts=2026-09-11T15:02:02.772645Z, messageId=c93733f8-f28a-4f0c-9d0f-f9ae9b3171f6, with 1 envelopes
  topo-bcast with ntx=1
2026-09-11 16:02:03,050 [canton-env-ec-30] INFO  c.d.c.t.p.TopologyStateProcessorOld:participant=sandbox/psid=mysynchronizer::122070a47a88::34-0 tid:cd6c76481e1935b78e1f6cad8b600aaf - Storing topology transaction 1/1 TxHash(SHA-256:83bf8029c985...) with ts=EffectiveTime(2026-09-11T15:02:02.772645Z), signedBy=Set(122038b10468...)
2026-09-11 16:02:03,051 [canton-env-ec-30] INFO  c.d.c.t.p.TopologyStateProcessorOld:participant=sandbox/psid=mysynchronizer::122070a47a88::34-0 tid:cd6c76481e1935b78e1f6cad8b600aaf - Persisted topology transactions (SequencedTime(2026-09-11T15:02:02.772645Z), EffectiveTime(2026-09-11T15:02:02.772645Z)):
ValidatedTopologyTransaction(
  SignedTopologyTransaction(
    TopologyTransaction(
      PartyToParticipant(ballast-manager::122038b10468..., PositiveNumeric(1), Vector(HostingParticipant(PAR::sandbox::122038b10468..., Submission, false)), None),
      serial = 1,
      operation = Replace,
      hash = SHA-256:83bf8029c985...
    ),
    signatures = 122038b10468...
  )
)
2026-09-11 16:02:03,131 [daml.participant.api.index.db.threadpool.connection.api-server-0] INFO  c.d.c.l.l.PersistentPartyRecordStore:participant=sandbox tid:ac7c7a130cb62ae21da99491f5996d1a - Created new party record in participant local store: PartyRecord(party=ballast-manager::122038b104682a36574185fc89869151cd5ec99ef7962f2eadbce8dda1e389167878, metadata=ObjectMeta(None,Map()), identityProviderId=Default)
2026-09-11 16:02:03,148 [canton-env-ec-29] INFO  c.d.c.p.a.s.a.ApiPartyManagementService:participant=sandbox tid:f93f3ef84e9ad7fb6b0dbbe2830d674a - Allocating party, parties -> ['ballast-vault'].
2026-09-11 16:02:03,156 [canton-env-ec-29] INFO  c.d.c.t.p.TopologyStateProcessorOld:participant=sandbox/psid=mysynchronizer::122070a47a88::34-0 tid:f93f3ef84e9ad7fb6b0dbbe2830d674a - Enqueuing topology transaction 1/1 TxHash(SHA-256:1f6445d503ae...) with ts=EffectiveTime(2026-09-11T15:02:02.772646Z), signedBy=Set(122038b10468...)
2026-09-11 16:02:03,157 [canton-env-ec-29] INFO  c.d.c.t.p.TopologyStateProcessorOld:participant=sandbox/psid=mysynchronizer::122070a47a88::34-0 tid:f93f3ef84e9ad7fb6b0dbbe2830d674a - Enqueued topology transactions:
ValidatedTopologyTransaction(
  SignedTopologyTransaction(
    TopologyTransaction(
      PartyToParticipant(ballast-vault::122038b10468..., PositiveNumeric(1), List(HostingParticipant(PAR::sandbox::122038b10468..., Submission, false)), None),
      serial = 1,
      operation = Replace,
      hash = SHA-256:1f6445d503ae...
    ),
    signatures = 122038b10468...
  )
)
2026-09-11 16:02:03,168 [canton-env-ec-32] INFO  c.d.c.s.s.s.GrpcSequencerService:sequencer=sequencer1 tid:f1c31aaae6704a7fd24c7c7c88db1696 - 'PAR::sandbox::122038b10468...' sends request with id 'c423525d-d9e7-4af0-a97b-0b2d5ad4dc5d' of size 650 bytes with 1 envelopes.
2026-09-11 16:02:03,291 [canton-env-ec-64] INFO  c.d.c.s.b.u.BlockChunkProcessor:sequencer=sequencer1/psid=mysynchronizer::122070a47a88::34-0 tid:f1c31aaae6704a7fd24c7c7c88db1696 - Processing block 4, data chunk 0. Last chunk timestamp=2026-09-11T15:02:02.772645Z, last sequencer event timestamp=Some(2026-09-11T15:02:02.772645Z). 1 events:
  Send of 'c423525d-d9e7-4af0-a97b-0b2d5ad4dc5d' at 2026-09-11T15:02:03.171672Z (tc=f1c31aaae6704a7fd24c7c7c88db1696)
2026-09-11 16:02:03,308 [canton-env-ec-32] INFO  c.d.c.t.p.TopologyStateProcessorOld:sequencer=sequencer1/psid=mysynchronizer::122070a47a88::34-0 tid:f1c31aaae6704a7fd24c7c7c88db1696 - Storing topology transaction 1/1 TxHash(SHA-256:1f6445d503ae...) with ts=EffectiveTime(2026-09-11T15:02:03.171672Z), signedBy=Set(122038b10468...)
2026-09-11 16:02:03,309 [canton-env-ec-32] INFO  c.d.c.t.p.TopologyStateProcessorOld:sequencer=sequencer1/psid=mysynchronizer::122070a47a88::34-0 tid:f1c31aaae6704a7fd24c7c7c88db1696 - Persisted topology transactions (SequencedTime(2026-09-11T15:02:03.171672Z), EffectiveTime(2026-09-11T15:02:03.171672Z)):
ValidatedTopologyTransaction(
  SignedTopologyTransaction(
    TopologyTransaction(
      PartyToParticipant(ballast-vault::122038b10468..., PositiveNumeric(1), Vector(HostingParticipant(PAR::sandbox::122038b10468..., Submission, false)), None),
      serial = 1,
      operation = Replace,
      hash = SHA-256:1f6445d503ae...
    ),
    signatures = 122038b10468...
  )
)
2026-09-11 16:02:03,309 [canton-env-ec-67] INFO  c.d.c.p.p.ParallelMessageDispatcher:participant=sandbox/psid=mysynchronizer::122070a47a88::34-0 tid:f1c31aaae6704a7fd24c7c7c88db1696 - Processing event at sc=3, ts=2026-09-11T15:02:03.171672Z, messageId=c423525d-d9e7-4af0-a97b-0b2d5ad4dc5d, with 1 envelopes
  topo-bcast with ntx=1
2026-09-11 16:02:03,313 [canton-env-ec-67] INFO  c.d.c.t.p.TopologyStateProcessorOld:participant=sandbox/psid=mysynchronizer::122070a47a88::34-0 tid:f1c31aaae6704a7fd24c7c7c88db1696 - Storing topology transaction 1/1 TxHash(SHA-256:1f6445d503ae...) with ts=EffectiveTime(2026-09-11T15:02:03.171672Z), signedBy=Set(122038b10468...)
2026-09-11 16:02:03,315 [canton-env-ec-67] INFO  c.d.c.t.p.TopologyStateProcessorOld:participant=sandbox/psid=mysynchronizer::122070a47a88::34-0 tid:f1c31aaae6704a7fd24c7c7c88db1696 - Persisted topology transactions (SequencedTime(2026-09-11T15:02:03.171672Z), EffectiveTime(2026-09-11T15:02:03.171672Z)):
ValidatedTopologyTransaction(
  SignedTopologyTransaction(
    TopologyTransaction(
      PartyToParticipant(ballast-vault::122038b10468..., PositiveNumeric(1), Vector(HostingParticipant(PAR::sandbox::122038b10468..., Submission, false)), None),
      serial = 1,
      operation = Replace,
      hash = SHA-256:1f6445d503ae...
    ),
    signatures = 122038b10468...
  )
)
2026-09-11 16:02:03,315 [canton-env-ec-32] INFO  c.d.c.t.p.TopologyStateProcessorOld:mediator=mediator1/psid=mysynchronizer::122070a47a88::34-0 tid:f1c31aaae6704a7fd24c7c7c88db1696 - Storing topology transaction 1/1 TxHash(SHA-256:1f6445d503ae...) with ts=EffectiveTime(2026-09-11T15:02:03.171672Z), signedBy=Set(122038b10468...)
2026-09-11 16:02:03,320 [canton-env-ec-32] INFO  c.d.c.t.p.TopologyStateProcessorOld:mediator=mediator1/psid=mysynchronizer::122070a47a88::34-0 tid:f1c31aaae6704a7fd24c7c7c88db1696 - Persisted topology transactions (SequencedTime(2026-09-11T15:02:03.171672Z), EffectiveTime(2026-09-11T15:02:03.171672Z)):
ValidatedTopologyTransaction(
  SignedTopologyTransaction(
    TopologyTransaction(
      PartyToParticipant(ballast-vault::122038b10468..., PositiveNumeric(1), Vector(HostingParticipant(PAR::sandbox::122038b10468..., Submission, false)), None),
      serial = 1,
      operation = Replace,
      hash = SHA-256:1f6445d503ae...
    ),
    signatures = 122038b10468...
  )
)
2026-09-11 16:02:03,341 [daml.participant.api.index.db.threadpool.connection.api-server-0] INFO  c.d.c.l.l.PersistentPartyRecordStore:participant=sandbox tid:f93f3ef84e9ad7fb6b0dbbe2830d674a - Created new party record in participant local store: PartyRecord(party=ballast-vault::122038b104682a36574185fc89869151cd5ec99ef7962f2eadbce8dda1e389167878, metadata=ObjectMeta(None,Map()), identityProviderId=Default)
2026-09-11 16:02:03,356 [canton-env-ec-67] INFO  c.d.c.p.a.s.a.ApiPartyManagementService:participant=sandbox tid:ac58f36e1ea9adb44c848a0c63770d1f - Allocating party, parties -> ['ballast-oracle'].
2026-09-11 16:02:03,367 [canton-env-ec-32] INFO  c.d.c.t.p.TopologyStateProcessorOld:participant=sandbox/psid=mysynchronizer::122070a47a88::34-0 tid:ac58f36e1ea9adb44c848a0c63770d1f - Enqueuing topology transaction 1/1 TxHash(SHA-256:ae1ae4fe8538...) with ts=EffectiveTime(2026-09-11T15:02:03.171673Z), signedBy=Set(122038b10468...)
2026-09-11 16:02:03,368 [canton-env-ec-32] INFO  c.d.c.t.p.TopologyStateProcessorOld:participant=sandbox/psid=mysynchronizer::122070a47a88::34-0 tid:ac58f36e1ea9adb44c848a0c63770d1f - Enqueued topology transactions:
ValidatedTopologyTransaction(
  SignedTopologyTransaction(
    TopologyTransaction(
      PartyToParticipant(ballast-oracle::122038b10468..., PositiveNumeric(1), List(HostingParticipant(PAR::sandbox::122038b10468..., Submission, false)), None),
      serial = 1,
      operation = Replace,
      hash = SHA-256:ae1ae4fe8538...
    ),
    signatures = 122038b10468...
  )
)
2026-09-11 16:02:03,377 [canton-env-ec-64] INFO  c.d.c.s.s.s.GrpcSequencerService:sequencer=sequencer1 tid:934b7994f9031e7307d2d5df89d51a1f - 'PAR::sandbox::122038b10468...' sends request with id 'f921a12a-a63d-4de9-8868-9e834c55aacd' of size 651 bytes with 1 envelopes.
2026-09-11 16:02:03,528 [canton-env-ec-29] INFO  c.d.c.s.b.u.BlockChunkProcessor:sequencer=sequencer1/psid=mysynchronizer::122070a47a88::34-0 tid:934b7994f9031e7307d2d5df89d51a1f - Processing block 5, data chunk 0. Last chunk timestamp=2026-09-11T15:02:03.171672Z, last sequencer event timestamp=Some(2026-09-11T15:02:03.171672Z). 1 events:
  Send of 'f921a12a-a63d-4de9-8868-9e834c55aacd' at 2026-09-11T15:02:03.380060Z (tc=934b7994f9031e7307d2d5df89d51a1f)
2026-09-11 16:02:03,558 [canton-env-ec-32] INFO  c.d.c.t.p.TopologyStateProcessorOld:sequencer=sequencer1/psid=mysynchronizer::122070a47a88::34-0 tid:934b7994f9031e7307d2d5df89d51a1f - Storing topology transaction 1/1 TxHash(SHA-256:ae1ae4fe8538...) with ts=EffectiveTime(2026-09-11T15:02:03.380060Z), signedBy=Set(122038b10468...)
2026-09-11 16:02:03,559 [canton-env-ec-32] INFO  c.d.c.t.p.TopologyStateProcessorOld:sequencer=sequencer1/psid=mysynchronizer::122070a47a88::34-0 tid:934b7994f9031e7307d2d5df89d51a1f - Persisted topology transactions (SequencedTime(2026-09-11T15:02:03.380060Z), EffectiveTime(2026-09-11T15:02:03.380060Z)):
ValidatedTopologyTransaction(
  SignedTopologyTransaction(
    TopologyTransaction(
      PartyToParticipant(ballast-oracle::122038b10468..., PositiveNumeric(1), Vector(HostingParticipant(PAR::sandbox::122038b10468..., Submission, false)), None),
      serial = 1,
      operation = Replace,
      hash = SHA-256:ae1ae4fe8538...
    ),
    signatures = 122038b10468...
  )
)
2026-09-11 16:02:03,561 [canton-env-ec-29] INFO  c.d.c.p.p.ParallelMessageDispatcher:participant=sandbox/psid=mysynchronizer::122070a47a88::34-0 tid:934b7994f9031e7307d2d5df89d51a1f - Processing event at sc=4, ts=2026-09-11T15:02:03.380060Z, messageId=f921a12a-a63d-4de9-8868-9e834c55aacd, with 1 envelopes
  topo-bcast with ntx=1
2026-09-11 16:02:03,564 [canton-env-ec-29] INFO  c.d.c.t.p.TopologyStateProcessorOld:participant=sandbox/psid=mysynchronizer::122070a47a88::34-0 tid:934b7994f9031e7307d2d5df89d51a1f - Storing topology transaction 1/1 TxHash(SHA-256:ae1ae4fe8538...) with ts=EffectiveTime(2026-09-11T15:02:03.380060Z), signedBy=Set(122038b10468...)
2026-09-11 16:02:03,564 [canton-env-ec-30] INFO  c.d.c.t.p.TopologyStateProcessorOld:mediator=mediator1/psid=mysynchronizer::122070a47a88::34-0 tid:934b7994f9031e7307d2d5df89d51a1f - Storing topology transaction 1/1 TxHash(SHA-256:ae1ae4fe8538...) with ts=EffectiveTime(2026-09-11T15:02:03.380060Z), signedBy=Set(122038b10468...)
2026-09-11 16:02:03,565 [canton-env-ec-29] INFO  c.d.c.t.p.TopologyStateProcessorOld:participant=sandbox/psid=mysynchronizer::122070a47a88::34-0 tid:934b7994f9031e7307d2d5df89d51a1f - Persisted topology transactions (SequencedTime(2026-09-11T15:02:03.380060Z), EffectiveTime(2026-09-11T15:02:03.380060Z)):
ValidatedTopologyTransaction(
  SignedTopologyTransaction(
    TopologyTransaction(
      PartyToParticipant(ballast-oracle::122038b10468..., PositiveNumeric(1), Vector(HostingParticipant(PAR::sandbox::122038b10468..., Submission, false)), None),
      serial = 1,
      operation = Replace,
      hash = SHA-256:ae1ae4fe8538...
    ),
    signatures = 122038b10468...
  )
)
2026-09-11 16:02:03,565 [canton-env-ec-30] INFO  c.d.c.t.p.TopologyStateProcessorOld:mediator=mediator1/psid=mysynchronizer::122070a47a88::34-0 tid:934b7994f9031e7307d2d5df89d51a1f - Persisted topology transactions (SequencedTime(2026-09-11T15:02:03.380060Z), EffectiveTime(2026-09-11T15:02:03.380060Z)):
ValidatedTopologyTransaction(
  SignedTopologyTransaction(
    TopologyTransaction(
      PartyToParticipant(ballast-oracle::122038b10468..., PositiveNumeric(1), Vector(HostingParticipant(PAR::sandbox::122038b10468..., Submission, false)), None),
      serial = 1,
      operation = Replace,
      hash = SHA-256:ae1ae4fe8538...
    ),
    signatures = 122038b10468...
  )
)
2026-09-11 16:02:03,590 [daml.participant.api.index.db.threadpool.connection.api-server-0] INFO  c.d.c.l.l.PersistentPartyRecordStore:participant=sandbox tid:ac58f36e1ea9adb44c848a0c63770d1f - Created new party record in participant local store: PartyRecord(party=ballast-oracle::122038b104682a36574185fc89869151cd5ec99ef7962f2eadbce8dda1e389167878, metadata=ObjectMeta(None,Map()), identityProviderId=Default)
2026-09-11 16:02:03,598 [canton-env-ec-29] INFO  c.d.c.p.a.s.a.ApiPartyManagementService:participant=sandbox tid:f9831c2a3fd3b18c65c1795b2983120c - Allocating party, parties -> ['ballast-lp'].
2026-09-11 16:02:03,608 [canton-env-ec-30] INFO  c.d.c.t.p.TopologyStateProcessorOld:participant=sandbox/psid=mysynchronizer::122070a47a88::34-0 tid:f9831c2a3fd3b18c65c1795b2983120c - Enqueuing topology transaction 1/1 TxHash(SHA-256:2fa14647caf0...) with ts=EffectiveTime(2026-09-11T15:02:03.380061Z), signedBy=Set(122038b10468...)
2026-09-11 16:02:03,609 [canton-env-ec-30] INFO  c.d.c.t.p.TopologyStateProcessorOld:participant=sandbox/psid=mysynchronizer::122070a47a88::34-0 tid:f9831c2a3fd3b18c65c1795b2983120c - Enqueued topology transactions:
ValidatedTopologyTransaction(
  SignedTopologyTransaction(
    TopologyTransaction(
      PartyToParticipant(ballast-lp::122038b10468..., PositiveNumeric(1), List(HostingParticipant(PAR::sandbox::122038b10468..., Submission, false)), None),
      serial = 1,
      operation = Replace,
      hash = SHA-256:2fa14647caf0...
    ),
    signatures = 122038b10468...
  )
)
2026-09-11 16:02:03,627 [canton-env-ec-30] INFO  c.d.c.s.s.s.GrpcSequencerService:sequencer=sequencer1 tid:07842988f38d3eb3013ae637a8ac13c6 - 'PAR::sandbox::122038b10468...' sends request with id '3e60e14e-7786-4de6-9b4f-74c47130bba7' of size 646 bytes with 1 envelopes.
2026-09-11 16:02:03,991 [canton-env-ec-32] INFO  c.d.c.s.b.u.BlockChunkProcessor:sequencer=sequencer1/psid=mysynchronizer::122070a47a88::34-0 tid:07842988f38d3eb3013ae637a8ac13c6 - Processing block 6, data chunk 0. Last chunk timestamp=2026-09-11T15:02:03.380060Z, last sequencer event timestamp=Some(2026-09-11T15:02:03.380060Z). 1 events:
  Send of '3e60e14e-7786-4de6-9b4f-74c47130bba7' at 2026-09-11T15:02:03.629757Z (tc=07842988f38d3eb3013ae637a8ac13c6)
2026-09-11 16:02:04,026 [canton-env-ec-29] INFO  c.d.c.p.p.ParallelMessageDispatcher:participant=sandbox/psid=mysynchronizer::122070a47a88::34-0 tid:07842988f38d3eb3013ae637a8ac13c6 - Processing event at sc=5, ts=2026-09-11T15:02:03.629757Z, messageId=3e60e14e-7786-4de6-9b4f-74c47130bba7, with 1 envelopes
  topo-bcast with ntx=1
2026-09-11 16:02:04,029 [canton-env-ec-64] INFO  c.d.c.t.p.TopologyStateProcessorOld:sequencer=sequencer1/psid=mysynchronizer::122070a47a88::34-0 tid:07842988f38d3eb3013ae637a8ac13c6 - Storing topology transaction 1/1 TxHash(SHA-256:2fa14647caf0...) with ts=EffectiveTime(2026-09-11T15:02:03.629757Z), signedBy=Set(122038b10468...)
2026-09-11 16:02:04,029 [canton-env-ec-29] INFO  c.d.c.t.p.TopologyStateProcessorOld:participant=sandbox/psid=mysynchronizer::122070a47a88::34-0 tid:07842988f38d3eb3013ae637a8ac13c6 - Storing topology transaction 1/1 TxHash(SHA-256:2fa14647caf0...) with ts=EffectiveTime(2026-09-11T15:02:03.629757Z), signedBy=Set(122038b10468...)
2026-09-11 16:02:04,030 [canton-env-ec-64] INFO  c.d.c.t.p.TopologyStateProcessorOld:sequencer=sequencer1/psid=mysynchronizer::122070a47a88::34-0 tid:07842988f38d3eb3013ae637a8ac13c6 - Persisted topology transactions (SequencedTime(2026-09-11T15:02:03.629757Z), EffectiveTime(2026-09-11T15:02:03.629757Z)):
ValidatedTopologyTransaction(
  SignedTopologyTransaction(
    TopologyTransaction(
      PartyToParticipant(ballast-lp::122038b10468..., PositiveNumeric(1), Vector(HostingParticipant(PAR::sandbox::122038b10468..., Submission, false)), None),
      serial = 1,
      operation = Replace,
      hash = SHA-256:2fa14647caf0...
    ),
    signatures = 122038b10468...
  )
)
2026-09-11 16:02:04,030 [canton-env-ec-32] INFO  c.d.c.t.p.TopologyStateProcessorOld:mediator=mediator1/psid=mysynchronizer::122070a47a88::34-0 tid:07842988f38d3eb3013ae637a8ac13c6 - Storing topology transaction 1/1 TxHash(SHA-256:2fa14647caf0...) with ts=EffectiveTime(2026-09-11T15:02:03.629757Z), signedBy=Set(122038b10468...)
2026-09-11 16:02:04,030 [canton-env-ec-29] INFO  c.d.c.t.p.TopologyStateProcessorOld:participant=sandbox/psid=mysynchronizer::122070a47a88::34-0 tid:07842988f38d3eb3013ae637a8ac13c6 - Persisted topology transactions (SequencedTime(2026-09-11T15:02:03.629757Z), EffectiveTime(2026-09-11T15:02:03.629757Z)):
ValidatedTopologyTransaction(
  SignedTopologyTransaction(
    TopologyTransaction(
      PartyToParticipant(ballast-lp::122038b10468..., PositiveNumeric(1), Vector(HostingParticipant(PAR::sandbox::122038b10468..., Submission, false)), None),
      serial = 1,
      operation = Replace,
      hash = SHA-256:2fa14647caf0...
    ),
    signatures = 122038b10468...
  )
)
2026-09-11 16:02:04,036 [canton-env-ec-32] INFO  c.d.c.t.p.TopologyStateProcessorOld:mediator=mediator1/psid=mysynchronizer::122070a47a88::34-0 tid:07842988f38d3eb3013ae637a8ac13c6 - Persisted topology transactions (SequencedTime(2026-09-11T15:02:03.629757Z), EffectiveTime(2026-09-11T15:02:03.629757Z)):
ValidatedTopologyTransaction(
  SignedTopologyTransaction(
    TopologyTransaction(
      PartyToParticipant(ballast-lp::122038b10468..., PositiveNumeric(1), Vector(HostingParticipant(PAR::sandbox::122038b10468..., Submission, false)), None),
      serial = 1,
      operation = Replace,
      hash = SHA-256:2fa14647caf0...
    ),
    signatures = 122038b10468...
  )
)
2026-09-11 16:02:04,057 [daml.participant.api.index.db.threadpool.connection.api-server-0] INFO  c.d.c.l.l.PersistentPartyRecordStore:participant=sandbox tid:f9831c2a3fd3b18c65c1795b2983120c - Created new party record in participant local store: PartyRecord(party=ballast-lp::122038b104682a36574185fc89869151cd5ec99ef7962f2eadbce8dda1e389167878, metadata=ObjectMeta(None,Map()), identityProviderId=Default)
2026-09-11 16:02:04,072 [canton-env-ec-64] INFO  c.d.c.p.a.s.a.ApiPartyManagementService:participant=sandbox tid:94d19996ea3fde5a1d081e563138b2b8 - Allocating party, parties -> ['ballast-alice'].
2026-09-11 16:02:04,080 [canton-env-ec-67] INFO  c.d.c.t.p.TopologyStateProcessorOld:participant=sandbox/psid=mysynchronizer::122070a47a88::34-0 tid:94d19996ea3fde5a1d081e563138b2b8 - Enqueuing topology transaction 1/1 TxHash(SHA-256:45343f364d0e...) with ts=EffectiveTime(2026-09-11T15:02:03.629758Z), signedBy=Set(122038b10468...)
2026-09-11 16:02:04,082 [canton-env-ec-67] INFO  c.d.c.t.p.TopologyStateProcessorOld:participant=sandbox/psid=mysynchronizer::122070a47a88::34-0 tid:94d19996ea3fde5a1d081e563138b2b8 - Enqueued topology transactions:
ValidatedTopologyTransaction(
  SignedTopologyTransaction(
    TopologyTransaction(
      PartyToParticipant(ballast-alice::122038b10468..., PositiveNumeric(1), List(HostingParticipant(PAR::sandbox::122038b10468..., Submission, false)), None),
      serial = 1,
      operation = Replace,
      hash = SHA-256:45343f364d0e...
    ),
    signatures = 122038b10468...
  )
)
2026-09-11 16:02:04,130 [canton-env-ec-67] INFO  c.d.c.s.s.s.GrpcSequencerService:sequencer=sequencer1 tid:5a10ae885f5c126c6b76432f267c3da9 - 'PAR::sandbox::122038b10468...' sends request with id '674de923-c907-4f7e-bac7-aeffe4443a8b' of size 641 bytes with 1 envelopes.
2026-09-11 16:02:04,230 [canton-env-ec-64] INFO  c.d.c.s.b.u.BlockChunkProcessor:sequencer=sequencer1/psid=mysynchronizer::122070a47a88::34-0 tid:5a10ae885f5c126c6b76432f267c3da9 - Processing block 7, data chunk 0. Last chunk timestamp=2026-09-11T15:02:03.629757Z, last sequencer event timestamp=Some(2026-09-11T15:02:03.629757Z). 1 events:
  Send of '674de923-c907-4f7e-bac7-aeffe4443a8b' at 2026-09-11T15:02:04.145705Z (tc=5a10ae885f5c126c6b76432f267c3da9)
2026-09-11 16:02:04,248 [canton-env-ec-30] INFO  c.d.c.t.p.TopologyStateProcessorOld:sequencer=sequencer1/psid=mysynchronizer::122070a47a88::34-0 tid:5a10ae885f5c126c6b76432f267c3da9 - Storing topology transaction 1/1 TxHash(SHA-256:45343f364d0e...) with ts=EffectiveTime(2026-09-11T15:02:04.145705Z), signedBy=Set(122038b10468...)
2026-09-11 16:02:04,256 [canton-env-ec-30] INFO  c.d.c.t.p.TopologyStateProcessorOld:sequencer=sequencer1/psid=mysynchronizer::122070a47a88::34-0 tid:5a10ae885f5c126c6b76432f267c3da9 - Persisted topology transactions (SequencedTime(2026-09-11T15:02:04.145705Z), EffectiveTime(2026-09-11T15:02:04.145705Z)):
ValidatedTopologyTransaction(
  SignedTopologyTransaction(
    TopologyTransaction(
      PartyToParticipant(ballast-alice::122038b10468..., PositiveNumeric(1), Vector(HostingParticipant(PAR::sandbox::122038b10468..., Submission, false)), None),
      serial = 1,
      operation = Replace,
      hash = SHA-256:45343f364d0e...
    ),
    signatures = 122038b10468...
  )
)
2026-09-11 16:02:04,263 [canton-env-ec-29] INFO  c.d.c.p.p.ParallelMessageDispatcher:participant=sandbox/psid=mysynchronizer::122070a47a88::34-0 tid:5a10ae885f5c126c6b76432f267c3da9 - Processing event at sc=6, ts=2026-09-11T15:02:04.145705Z, messageId=674de923-c907-4f7e-bac7-aeffe4443a8b, with 1 envelopes
  topo-bcast with ntx=1
2026-09-11 16:02:04,268 [canton-env-ec-29] INFO  c.d.c.t.p.TopologyStateProcessorOld:participant=sandbox/psid=mysynchronizer::122070a47a88::34-0 tid:5a10ae885f5c126c6b76432f267c3da9 - Storing topology transaction 1/1 TxHash(SHA-256:45343f364d0e...) with ts=EffectiveTime(2026-09-11T15:02:04.145705Z), signedBy=Set(122038b10468...)
2026-09-11 16:02:04,270 [canton-env-ec-29] INFO  c.d.c.t.p.TopologyStateProcessorOld:participant=sandbox/psid=mysynchronizer::122070a47a88::34-0 tid:5a10ae885f5c126c6b76432f267c3da9 - Persisted topology transactions (SequencedTime(2026-09-11T15:02:04.145705Z), EffectiveTime(2026-09-11T15:02:04.145705Z)):
ValidatedTopologyTransaction(
  SignedTopologyTransaction(
    TopologyTransaction(
      PartyToParticipant(ballast-alice::122038b10468..., PositiveNumeric(1), Vector(HostingParticipant(PAR::sandbox::122038b10468..., Submission, false)), None),
      serial = 1,
      operation = Replace,
      hash = SHA-256:45343f364d0e...
    ),
    signatures = 122038b10468...
  )
)
2026-09-11 16:02:04,271 [canton-env-ec-64] INFO  c.d.c.t.p.TopologyStateProcessorOld:mediator=mediator1/psid=mysynchronizer::122070a47a88::34-0 tid:5a10ae885f5c126c6b76432f267c3da9 - Storing topology transaction 1/1 TxHash(SHA-256:45343f364d0e...) with ts=EffectiveTime(2026-09-11T15:02:04.145705Z), signedBy=Set(122038b10468...)
2026-09-11 16:02:04,273 [canton-env-ec-64] INFO  c.d.c.t.p.TopologyStateProcessorOld:mediator=mediator1/psid=mysynchronizer::122070a47a88::34-0 tid:5a10ae885f5c126c6b76432f267c3da9 - Persisted topology transactions (SequencedTime(2026-09-11T15:02:04.145705Z), EffectiveTime(2026-09-11T15:02:04.145705Z)):
ValidatedTopologyTransaction(
  SignedTopologyTransaction(
    TopologyTransaction(
      PartyToParticipant(ballast-alice::122038b10468..., PositiveNumeric(1), Vector(HostingParticipant(PAR::sandbox::122038b10468..., Submission, false)), None),
      serial = 1,
      operation = Replace,
      hash = SHA-256:45343f364d0e...
    ),
    signatures = 122038b10468...
  )
)
2026-09-11 16:02:04,298 [daml.participant.api.index.db.threadpool.connection.api-server-0] INFO  c.d.c.l.l.PersistentPartyRecordStore:participant=sandbox tid:94d19996ea3fde5a1d081e563138b2b8 - Created new party record in participant local store: PartyRecord(party=ballast-alice::122038b104682a36574185fc89869151cd5ec99ef7962f2eadbce8dda1e389167878, metadata=ObjectMeta(None,Map()), identityProviderId=Default)
2026-09-11 16:02:04,307 [canton-env-ec-32] INFO  c.d.c.p.a.s.a.ApiPartyManagementService:participant=sandbox tid:8e79402fc748341ece24adfaa66d773e - Allocating party, parties -> ['ballast-bob'].
2026-09-11 16:02:04,326 [canton-env-ec-67] INFO  c.d.c.t.p.TopologyStateProcessorOld:participant=sandbox/psid=mysynchronizer::122070a47a88::34-0 tid:8e79402fc748341ece24adfaa66d773e - Enqueuing topology transaction 1/1 TxHash(SHA-256:606db6624d48...) with ts=EffectiveTime(2026-09-11T15:02:04.145706Z), signedBy=Set(122038b10468...)
2026-09-11 16:02:04,327 [canton-env-ec-67] INFO  c.d.c.t.p.TopologyStateProcessorOld:participant=sandbox/psid=mysynchronizer::122070a47a88::34-0 tid:8e79402fc748341ece24adfaa66d773e - Enqueued topology transactions:
ValidatedTopologyTransaction(
  SignedTopologyTransaction(
    TopologyTransaction(
      PartyToParticipant(ballast-bob::122038b10468..., PositiveNumeric(1), List(HostingParticipant(PAR::sandbox::122038b10468..., Submission, false)), None),
      serial = 1,
      operation = Replace,
      hash = SHA-256:606db6624d48...
    ),
    signatures = 122038b10468...
  )
)
2026-09-11 16:02:04,340 [canton-env-ec-30] INFO  c.d.c.s.s.s.GrpcSequencerService:sequencer=sequencer1 tid:55c474de1f6b0c09b65110448319d75b - 'PAR::sandbox::122038b10468...' sends request with id 'fb32ac33-65c8-4ab9-876e-5683c3622e3f' of size 651 bytes with 1 envelopes.
2026-09-11 16:02:04,471 [canton-env-ec-32] INFO  c.d.c.s.b.u.BlockChunkProcessor:sequencer=sequencer1/psid=mysynchronizer::122070a47a88::34-0 tid:55c474de1f6b0c09b65110448319d75b - Processing block 8, data chunk 0. Last chunk timestamp=2026-09-11T15:02:04.145705Z, last sequencer event timestamp=Some(2026-09-11T15:02:04.145705Z). 1 events:
  Send of 'fb32ac33-65c8-4ab9-876e-5683c3622e3f' at 2026-09-11T15:02:04.348595Z (tc=55c474de1f6b0c09b65110448319d75b)
2026-09-11 16:02:04,487 [canton-env-ec-31] INFO  c.d.c.t.p.TopologyStateProcessorOld:sequencer=sequencer1/psid=mysynchronizer::122070a47a88::34-0 tid:55c474de1f6b0c09b65110448319d75b - Storing topology transaction 1/1 TxHash(SHA-256:606db6624d48...) with ts=EffectiveTime(2026-09-11T15:02:04.348595Z), signedBy=Set(122038b10468...)
2026-09-11 16:02:04,488 [canton-env-ec-31] INFO  c.d.c.t.p.TopologyStateProcessorOld:sequencer=sequencer1/psid=mysynchronizer::122070a47a88::34-0 tid:55c474de1f6b0c09b65110448319d75b - Persisted topology transactions (SequencedTime(2026-09-11T15:02:04.348595Z), EffectiveTime(2026-09-11T15:02:04.348595Z)):
ValidatedTopologyTransaction(
  SignedTopologyTransaction(
    TopologyTransaction(
      PartyToParticipant(ballast-bob::122038b10468..., PositiveNumeric(1), Vector(HostingParticipant(PAR::sandbox::122038b10468..., Submission, false)), None),
      serial = 1,
      operation = Replace,
      hash = SHA-256:606db6624d48...
    ),
    signatures = 122038b10468...
  )
)
2026-09-11 16:02:04,494 [canton-env-ec-29] INFO  c.d.c.t.p.TopologyStateProcessorOld:mediator=mediator1/psid=mysynchronizer::122070a47a88::34-0 tid:55c474de1f6b0c09b65110448319d75b - Storing topology transaction 1/1 TxHash(SHA-256:606db6624d48...) with ts=EffectiveTime(2026-09-11T15:02:04.348595Z), signedBy=Set(122038b10468...)
2026-09-11 16:02:04,496 [canton-env-ec-29] INFO  c.d.c.t.p.TopologyStateProcessorOld:mediator=mediator1/psid=mysynchronizer::122070a47a88::34-0 tid:55c474de1f6b0c09b65110448319d75b - Persisted topology transactions (SequencedTime(2026-09-11T15:02:04.348595Z), EffectiveTime(2026-09-11T15:02:04.348595Z)):
ValidatedTopologyTransaction(
  SignedTopologyTransaction(
    TopologyTransaction(
      PartyToParticipant(ballast-bob::122038b10468..., PositiveNumeric(1), Vector(HostingParticipant(PAR::sandbox::122038b10468..., Submission, false)), None),
      serial = 1,
      operation = Replace,
      hash = SHA-256:606db6624d48...
    ),
    signatures = 122038b10468...
  )
)
2026-09-11 16:02:04,502 [canton-env-ec-30] INFO  c.d.c.p.p.ParallelMessageDispatcher:participant=sandbox/psid=mysynchronizer::122070a47a88::34-0 tid:55c474de1f6b0c09b65110448319d75b - Processing event at sc=7, ts=2026-09-11T15:02:04.348595Z, messageId=fb32ac33-65c8-4ab9-876e-5683c3622e3f, with 1 envelopes
  topo-bcast with ntx=1
2026-09-11 16:02:04,509 [canton-env-ec-29] INFO  c.d.c.t.p.TopologyStateProcessorOld:participant=sandbox/psid=mysynchronizer::122070a47a88::34-0 tid:55c474de1f6b0c09b65110448319d75b - Storing topology transaction 1/1 TxHash(SHA-256:606db6624d48...) with ts=EffectiveTime(2026-09-11T15:02:04.348595Z), signedBy=Set(122038b10468...)
2026-09-11 16:02:04,510 [canton-env-ec-32] INFO  c.d.c.t.p.TopologyStateProcessorOld:participant=sandbox/psid=mysynchronizer::122070a47a88::34-0 tid:55c474de1f6b0c09b65110448319d75b - Persisted topology transactions (SequencedTime(2026-09-11T15:02:04.348595Z), EffectiveTime(2026-09-11T15:02:04.348595Z)):
ValidatedTopologyTransaction(
  SignedTopologyTransaction(
    TopologyTransaction(
      PartyToParticipant(ballast-bob::122038b10468..., PositiveNumeric(1), Vector(HostingParticipant(PAR::sandbox::122038b10468..., Submission, false)), None),
      serial = 1,
      operation = Replace,
      hash = SHA-256:606db6624d48...
    ),
    signatures = 122038b10468...
  )
)
2026-09-11 16:02:04,530 [daml.participant.api.index.db.threadpool.connection.api-server-0] INFO  c.d.c.l.l.PersistentPartyRecordStore:participant=sandbox tid:8e79402fc748341ece24adfaa66d773e - Created new party record in participant local store: PartyRecord(party=ballast-bob::122038b104682a36574185fc89869151cd5ec99ef7962f2eadbce8dda1e389167878, metadata=ObjectMeta(None,Map()), identityProviderId=Default)
2026-09-11 16:02:27,595 [canton-env-ec-32] INFO  c.d.c.p.a.s.a.ApiPartyManagementService:participant=sandbox tid:59ed2ed1480c8bfdac36d231430d6d43 - Listing known parties.
2026-09-11 16:02:27,627 [canton-env-ec-32] INFO  c.d.c.p.a.s.ApiPackageService:participant=sandbox tid:7e04f49a2cae23c3aee09573a91df90b - Received request to list packages: ListPackagesRequest()
2026-09-11 16:02:27,648 [canton-env-ec-29] INFO  c.d.c.p.a.s.a.ApiPackageManagementService:participant=sandbox tid:f462f78391c5472ae8bdcca6fed3279b - Uploading DAR file, submissionId -> '88327d0e-a2ea-4e3a-8aca-5a2db944a0a3'.
2026-09-11 16:02:29,897 [canton-env-ec-64] INFO  c.d.c.p.a.s.ApiPackageService:participant=sandbox tid:9af6f21b46a58a5c15a47548a7488778 - Received request to list packages: ListPackagesRequest()
2026-09-11 16:02:29,978 [daml.participant.api.index.db.threadpool.connection.api-server-0] INFO  c.d.c.l.l.PersistentUserManagementStore:participant=sandbox tid:d7bfa4a7d54a1695af11cf3bd79c0113 - Granted 7 user rights to user participant_admin: CanActAs(ballast-manager::122038b104682a36574185fc89869151cd5ec99ef7962f2eadbce8dda1e389167878), CanActAs(ballast-vault::122038b104682a36574185fc89869151cd5ec99ef7962f2eadbce8dda1e389167878), CanActAs(ballast-bob::122038b104682a36574185fc89869151cd5ec99ef7962f2eadbce8dda1e389167878), CanActAs(ballast-alice::122038b104682a36574185fc89869151cd5ec99ef7962f2eadbce8dda1e389167878), CanActAs(ballast-lp::122038b104682a36574185fc89869151cd5ec99ef7962f2eadbce8dda1e389167878), ..., submissionId -> '376d2dbb-5f1c-4dfa-ada5-6afca6506172'.
2026-09-11 16:02:45,794 [canton-env-ec-29] INFO  c.d.c.p.a.s.a.ApiPartyManagementService:participant=sandbox tid:e65690c105648f812ca557f8a9d07875 - Listing known parties.
2026-09-11 16:02:45,983 [http-json-ledger-api-pekko.actor.default-dispatcher-11] INFO  c.d.c.h.j.v.SchemaProcessorsImpl:participant=sandbox tid:e5eb0d5ba349559aa3495577b2013154 - TEMPLATES_OR_INTERFACES_NOT_FOUND(11,e5eb0d5b): Templates do not exist: [6d6d9b5483d4203423b31479384bdeba0c64aaaea037a3336a1a555c410b15a1:Ballast.Fund:Fund]. err-context:{location=SchemaProcessorsImpl.scala:275} 
2026-09-11 16:02:46,093 [canton-env-ec-29] INFO  c.d.c.s.b.u.BlockChunkProcessor:sequencer=sequencer1/psid=mysynchronizer::122070a47a88::34-0 tid:d275b1f912ae147266cdc4a92791a8d9 - Processing block 9, data chunk 0. Last chunk timestamp=2026-09-11T15:02:04.348595Z, last sequencer event timestamp=Some(2026-09-11T15:02:04.348595Z). 1 events:
  Ack by SEQ::sequencer1::1220cdcac772... for 2026-09-11T15:02:04.348595Z
2026-09-11 16:02:47,280 [canton-env-ec-32] INFO  c.d.c.s.b.u.BlockChunkProcessor:sequencer=sequencer1/psid=mysynchronizer::122070a47a88::34-0 tid:b882268b5204a97f4026cbeec5320358 - Processing block 10, data chunk 0. Last chunk timestamp=2026-09-11T15:02:04.348595Z, last sequencer event timestamp=Some(2026-09-11T15:02:04.348595Z). 1 events:
  Ack by MED::mediator1::12205774a822... for 2026-09-11T15:02:04.348595Z
2026-09-11 16:02:49,489 [canton-env-ec-29] INFO  c.d.c.s.b.u.BlockChunkProcessor:sequencer=sequencer1/psid=mysynchronizer::122070a47a88::34-0 tid:bc8fe9ad83d83485cca38b257853aa71 - Processing block 11, data chunk 0. Last chunk timestamp=2026-09-11T15:02:04.348595Z, last sequencer event timestamp=Some(2026-09-11T15:02:04.348595Z). 1 events:
  Ack by PAR::sandbox::122038b10468... for 2026-09-11T15:02:04.348595Z
2026-09-11 16:03:29,329 [canton-env-ec-31] INFO  c.d.c.p.a.s.a.ApiPartyManagementService:participant=sandbox tid:cab48f0af09014bf474ffebb745aee0a - Listing known parties.
2026-09-11 16:03:29,676 [canton-env-ec-32] INFO  c.d.c.p.a.s.c.CommandSubmissionServiceImpl:participant=sandbox tid:d6868f1abb1487bad616dc85ecd9b02d - Phase 1 started: Submitting 1 command(s) for interpretation on behalf of Seq(ballast-manager::122038b10468..., ballast-vault::122038b10468...).
2026-09-11 16:03:35,677 [canton-env-ec-31] INFO  c.d.c.p.p.TransactionProcessor:participant=sandbox/psid=mysynchronizer::122070a47a88::34-0 tid:d6868f1abb1487bad616dc85ecd9b02d - Phase 1 completed: Submitting 3 envelopes for Transaction request, submitters Seq(ballast-manager::122038b10468..., ballast-vault::122038b10468...), command-id ballast-Fund-1789139009370
2026-09-11 16:03:35,694 [canton-env-ec-29] INFO  c.d.c.s.s.s.GrpcSequencerService:sequencer=sequencer1 tid:d6868f1abb1487bad616dc85ecd9b02d - 'PAR::sandbox::122038b10468...' sends request with id '1a640450-7b67-4bf3-bc9b-561bb2aaa288' of size 2671 bytes with 3 envelopes.
2026-09-11 16:03:35,820 [canton-env-ec-31] INFO  c.d.c.s.b.u.BlockChunkProcessor:sequencer=sequencer1/psid=mysynchronizer::122070a47a88::34-0 tid:d6868f1abb1487bad616dc85ecd9b02d - Processing block 12, data chunk 0. Last chunk timestamp=2026-09-11T15:02:04.348595Z, last sequencer event timestamp=Some(2026-09-11T15:02:04.348595Z). 1 events:
  Send of '1a640450-7b67-4bf3-bc9b-561bb2aaa288' at 2026-09-11T15:03:35.705584Z (tc=d6868f1abb1487bad616dc85ecd9b02d)
2026-09-11 16:03:35,896 [canton-env-ec-29] INFO  c.d.c.p.p.ParallelMessageDispatcher:participant=sandbox/psid=mysynchronizer::122070a47a88::34-0 tid:d6868f1abb1487bad616dc85ecd9b02d - Processing event at sc=8, ts=2026-09-11T15:03:35.705584Z, messageId=1a640450-7b67-4bf3-bc9b-561bb2aaa288, with 2 envelopes
  root-hash=SHA-256:1fd81fe1e4ea...
  enc-view=ViewHash(SHA-256:33ee01aa2fe1...),rcp=1, sz=1169Some(, with sig)
2026-09-11 16:03:35,912 [canton-env-ec-30] INFO  c.d.c.p.p.TransactionProcessor:participant=sandbox/psid=mysynchronizer::122070a47a88::34-0 tid:d6868f1abb1487bad616dc85ecd9b02d - Phase 3: Validating Transaction request=2026-09-11T15:03:35.705584Z with 1 envelope(s)
2026-09-11 16:03:35,993 [canton-env-ec-64] INFO  c.d.c.s.m.ConfirmationRequestAndResponseProcessor:mediator=mediator1/psid=mysynchronizer::122070a47a88::34-0 tid:d6868f1abb1487bad616dc85ecd9b02d - Phase 2: Registered request=2026-09-11T15:03:35.705584Z from submittingParticipant=PAR::sandbox::122038b10468... with 1 view(s).
2026-09-11 16:03:37,932 [canton-env-ec-30] INFO  c.d.c.p.p.TransactionProcessor:participant=sandbox/psid=mysynchronizer::122070a47a88::34-0 tid:d6868f1abb1487bad616dc85ecd9b02d - Phase 4: Sending for request=2026-09-11T15:03:35.705584Z with msgId=ef5dc8b5-8bb3-4918-8c06-65ee73e17596 approved=1, rejected=0, abstained=0
2026-09-11 16:03:37,945 [canton-env-ec-29] INFO  c.d.c.s.s.s.GrpcSequencerService:sequencer=sequencer1 tid:d6868f1abb1487bad616dc85ecd9b02d - 'PAR::sandbox::122038b10468...' sends request with id 'ef5dc8b5-8bb3-4918-8c06-65ee73e17596' of size 766 bytes with 1 envelopes.
2026-09-11 16:03:38,049 [canton-env-ec-64] INFO  c.d.c.s.b.u.BlockChunkProcessor:sequencer=sequencer1/psid=mysynchronizer::122070a47a88::34-0 tid:d6868f1abb1487bad616dc85ecd9b02d - Processing block 13, data chunk 0. Last chunk timestamp=2026-09-11T15:03:35.705584Z, last sequencer event timestamp=Some(2026-09-11T15:02:04.348595Z). 1 events:
  Send of 'ef5dc8b5-8bb3-4918-8c06-65ee73e17596' at 2026-09-11T15:03:37.947611Z (tc=d6868f1abb1487bad616dc85ecd9b02d)
2026-09-11 16:03:38,086 [canton-env-ec-32] INFO  c.d.c.p.p.ParallelMessageDispatcher:participant=sandbox/psid=mysynchronizer::122070a47a88::34-0 tid:d6868f1abb1487bad616dc85ecd9b02d - Processing event at sc=9, ts=2026-09-11T15:03:37.947611Z, messageId=ef5dc8b5-8bb3-4918-8c06-65ee73e17596, with 0 envelopes
2026-09-11 16:03:38,104 [canton-env-ec-32] INFO  c.d.c.s.m.ConfirmationRequestAndResponseProcessor:mediator=mediator1/psid=mysynchronizer::122070a47a88::34-0 tid:d6868f1abb1487bad616dc85ecd9b02d - Phase 5: Received 1 response(s) for request=2026-09-11T15:03:35.705584Z.
2026-09-11 16:03:38,131 [canton-env-ec-29] INFO  c.d.c.s.m.ConfirmationRequestAndResponseProcessor:mediator=mediator1/psid=mysynchronizer::122070a47a88::34-0 tid:d6868f1abb1487bad616dc85ecd9b02d - Phase 6: Finalized request=RequestId(2026-09-11T15:03:35.705584Z) with verdict Approve
2026-09-11 16:03:38,157 [canton-env-ec-29] INFO  c.d.c.s.s.s.GrpcSequencerService:sequencer=sequencer1 tid:d6868f1abb1487bad616dc85ecd9b02d - 'MED::mediator1::12205774a822...' sends request with id 'ee108cd5-1107-464c-875f-47a10c0cb632' of size 714 bytes with 1 envelopes.
2026-09-11 16:03:38,290 [canton-env-ec-64] INFO  c.d.c.s.b.u.BlockChunkProcessor:sequencer=sequencer1/psid=mysynchronizer::122070a47a88::34-0 tid:d6868f1abb1487bad616dc85ecd9b02d - Processing block 14, data chunk 0. Last chunk timestamp=2026-09-11T15:03:37.947611Z, last sequencer event timestamp=Some(2026-09-11T15:02:04.348595Z). 1 events:
  Send of 'ee108cd5-1107-464c-875f-47a10c0cb632' at 2026-09-11T15:03:38.160737Z (tc=d6868f1abb1487bad616dc85ecd9b02d)
2026-09-11 16:03:38,321 [canton-env-ec-64] INFO  c.d.c.p.p.ParallelMessageDispatcher:participant=sandbox/psid=mysynchronizer::122070a47a88::34-0 tid:d6868f1abb1487bad616dc85ecd9b02d - Processing event at sc=10, ts=2026-09-11T15:03:38.160737Z, with 1 envelopes
  verdict=RequestId(2026-09-11T15:03:35.705584Z), type=TransactionViewType, is=Approve
2026-09-11 16:03:38,464 [input-mapping-pool-6] INFO  c.d.c.p.i.p.ParallelIndexerSubscription:participant=sandbox tid:d6868f1abb1487bad616dc85ecd9b02d - Phase 7: Storing at offset=23 SequencedTransactionAccepted(
  recordTime = 2026-09-11T15:03:35.705584Z,
  updateId = 12201fd81fe1e4ea1e98cadf9a01df78608f990a54b0ebfebf03c67b2506b0b0ba87,
  transactionMeta = TransactionMeta(ledgerEffectiveTime = 2026-09-11T15:03:29.667193Z, preparationTime = 2026-09-11T15:03:29.667193Z, timeBoundaries = LedgerTimeBoundaries(constrained = true), ...),
  completion = CompletionInfo(
    actAs = ballast-manager::122038b10468..., ballast-vault::122038b10468...,
    commandId = ballast-Fund-1789139009370,
    userId = participant_admin,
    deduplication period = (offset=None),
    submissionId = Some(edcc8234-826b-4cbb-b826-ab0c3d884ba3),
    ...
  ),
  nodes = 1,
  roots = 1,
  ...
)
2026-09-11 16:03:38,538 [canton-env-ec-31] INFO  c.d.c.p.p.AcsCommitmentProcessor:participant=sandbox/psid=mysynchronizer::122070a47a88::34-0 tid:1593df05449817de897f7fb1c3ebeab2 - Persisted ACS commitments at RecordTime(timestamp = 0001-01-01T00:00:00Z, tieBreaker = -9223372036854775808) with CommitmentSnapshot(record time = RecordTime(timestamp = 0001-01-01T00:00:00Z, tieBreaker = -9223372036854775808), active = Map(), delta (parties) = Set(), deleted = Set()) in mode Checkpoint
2026-09-11 16:03:38,539 [canton-env-ec-64] INFO  c.d.c.p.p.AcsCommitmentProcessor:participant=sandbox/psid=mysynchronizer::122070a47a88::34-0 tid:1593df05449817de897f7fb1c3ebeab2 - Persisted ACS commitments at RecordTime(timestamp = 0001-01-01T00:00:00Z, tieBreaker = -9223372036854775808) with CommitmentSnapshot(record time = RecordTime(timestamp = 0001-01-01T00:00:00Z, tieBreaker = -9223372036854775808), active = Map(), delta (parties) = Set(), deleted = Set()) in mode Checkpoint
2026-09-11 16:03:38,546 [canton-env-ec-64] INFO  c.d.c.p.p.AcsCommitmentProcessor:participant=sandbox/psid=mysynchronizer::122070a47a88::34-0 tid:1593df05449817de897f7fb1c3ebeab2 - Processing completed period CommitmentPeriod(fromExclusive = 2026-09-11T15:02:00Z, toInclusive = 2026-09-11T15:03:00Z). Modes: in catch-up mode = false, and if yes, caught up to catch-up boundary false
2026-09-11 16:03:38,555 [canton-env-ec-64] INFO  c.d.c.p.p.AcsCommitmentProcessor:participant=sandbox/psid=mysynchronizer::122070a47a88::34-0 tid:1593df05449817de897f7fb1c3ebeab2 - Computing commitments for CommitmentPeriod(fromExclusive = 2026-09-11T15:02:00Z, toInclusive = 2026-09-11T15:03:00Z), number of stakeholder sets: 0
2026-09-11 16:03:38,569 [canton-env-ec-29] INFO  c.d.c.p.a.s.ApiUpdateService:participant=sandbox - Received request for update by ID, updateFormat -> {transaction format: [{filters: {ballast-manager::122038b104682a36574185fc89869151cd5ec99ef7962f2eadbce8dda1e389167878: {templates: [], interfaces: [], all-templates, created_event_blob: false}, ballast-vault::122038b104682a36574185fc89869151cd5ec99ef7962f2eadbce8dda1e389167878: {templates: [], interfaces: [], all-templates, created_event_blob: false}}, transactionShape: 'AcsDelta'}], reassignment filters: [], topology format: []}.
2026-09-11 16:03:38,571 [canton-env-ec-30] INFO  c.d.c.p.p.AcsCommitmentProcessor:participant=sandbox/psid=mysynchronizer::122070a47a88::34-0 tid:1593df05449817de897f7fb1c3ebeab2 - Computed and stored 0 commitment messages for period CommitmentPeriod(fromExclusive = 2026-09-11T15:02:00Z, toInclusive = 2026-09-11T15:03:00Z)
2026-09-11 16:03:38,579 [canton-env-ec-64] INFO  c.d.c.p.p.AcsCommitmentProcessor:participant=sandbox/psid=mysynchronizer::122070a47a88::34-0 tid:1593df05449817de897f7fb1c3ebeab2 - Persisted ACS commitments at RecordTime(timestamp = 0001-01-01T00:00:00Z, tieBreaker = -9223372036854775808) with CommitmentSnapshot(record time = RecordTime(timestamp = 0001-01-01T00:00:00Z, tieBreaker = -9223372036854775808), active = Map(), delta (parties) = Set(), deleted = Set()) in mode Efficiency
2026-09-11 16:03:38,589 [canton-env-ec-64] INFO  c.d.c.p.p.AcsCommitmentProcessor:participant=sandbox/psid=mysynchronizer::122070a47a88::34-0 tid:1593df05449817de897f7fb1c3ebeab2 - Processing 0 remote commitments
2026-09-11 16:03:38,590 [canton-env-ec-64] INFO  c.d.c.p.p.AcsCommitmentProcessor:participant=sandbox/psid=mysynchronizer::122070a47a88::34-0 tid:1593df05449817de897f7fb1c3ebeab2 - Checked buffered remote commitments up to 2026-09-11T15:03:00Z inclusive and ready to check further ones without buffering
2026-09-11 16:03:38,593 [canton-env-ec-31] INFO  c.d.c.p.p.AcsCommitmentProcessor:participant=sandbox/psid=mysynchronizer::122070a47a88::34-0 tid:1593df05449817de897f7fb1c3ebeab2 - Deleted buffered commitments and set last computed and sent timestamp set to 2026-09-11T15:03:00Z
2026-09-11 16:03:38,710 [canton-env-ec-29] INFO  c.d.c.p.a.s.c.CommandSubmissionServiceImpl:participant=sandbox tid:8ab9cf897c9e29aed7642990d45c134f - Phase 1 started: Submitting 1 command(s) for interpretation on behalf of Seq(ballast-manager::122038b10468..., ballast-vault::122038b10468...).
2026-09-11 16:03:38,766 [canton-env-ec-31] INFO  c.d.c.p.p.TransactionProcessor:participant=sandbox/psid=mysynchronizer::122070a47a88::34-0 tid:8ab9cf897c9e29aed7642990d45c134f - Phase 1 completed: Submitting 3 envelopes for Transaction request, submitters Seq(ballast-manager::122038b10468..., ballast-vault::122038b10468...), command-id ballast-Mandate-1789139018677
2026-09-11 16:03:38,773 [canton-env-ec-30] INFO  c.d.c.s.s.s.GrpcSequencerService:sequencer=sequencer1 tid:8ab9cf897c9e29aed7642990d45c134f - 'PAR::sandbox::122038b10468...' sends request with id '5b66bac4-2a3c-44bb-bc89-e83afd152eb3' of size 2654 bytes with 3 envelopes.
2026-09-11 16:03:38,885 [canton-env-ec-31] INFO  c.d.c.s.b.u.BlockChunkProcessor:sequencer=sequencer1/psid=mysynchronizer::122070a47a88::34-0 tid:8ab9cf897c9e29aed7642990d45c134f - Processing block 15, data chunk 0. Last chunk timestamp=2026-09-11T15:03:38.160737Z, last sequencer event timestamp=Some(2026-09-11T15:02:04.348595Z). 1 events:
  Send of '5b66bac4-2a3c-44bb-bc89-e83afd152eb3' at 2026-09-11T15:03:38.775242Z (tc=8ab9cf897c9e29aed7642990d45c134f)
2026-09-11 16:03:38,905 [canton-env-ec-64] INFO  c.d.c.p.p.ParallelMessageDispatcher:participant=sandbox/psid=mysynchronizer::122070a47a88::34-0 tid:8ab9cf897c9e29aed7642990d45c134f - Processing event at sc=11, ts=2026-09-11T15:03:38.775242Z, messageId=5b66bac4-2a3c-44bb-bc89-e83afd152eb3, with 2 envelopes
  root-hash=SHA-256:fa93ce56a253...
  enc-view=ViewHash(SHA-256:8f28ae8b1730...),rcp=1, sz=1175Some(, with sig)
2026-09-11 16:03:38,906 [canton-env-ec-64] INFO  c.d.c.p.p.TransactionProcessor:participant=sandbox/psid=mysynchronizer::122070a47a88::34-0 tid:8ab9cf897c9e29aed7642990d45c134f - Phase 3: Validating Transaction request=2026-09-11T15:03:38.775242Z with 1 envelope(s)
2026-09-11 16:03:38,914 [canton-env-ec-30] INFO  c.d.c.s.m.ConfirmationRequestAndResponseProcessor:mediator=mediator1/psid=mysynchronizer::122070a47a88::34-0 tid:8ab9cf897c9e29aed7642990d45c134f - Phase 2: Registered request=2026-09-11T15:03:38.775242Z from submittingParticipant=PAR::sandbox::122038b10468... with 1 view(s).
2026-09-11 16:03:38,940 [canton-env-ec-29] INFO  c.d.c.p.p.TransactionProcessor:participant=sandbox/psid=mysynchronizer::122070a47a88::34-0 tid:8ab9cf897c9e29aed7642990d45c134f - Phase 4: Sending for request=2026-09-11T15:03:38.775242Z with msgId=76ec15d2-0593-4130-a0c4-3ef9c5aadd5b approved=1, rejected=0, abstained=0
2026-09-11 16:03:38,946 [canton-env-ec-32] INFO  c.d.c.s.s.s.GrpcSequencerService:sequencer=sequencer1 tid:8ab9cf897c9e29aed7642990d45c134f - 'PAR::sandbox::122038b10468...' sends request with id '76ec15d2-0593-4130-a0c4-3ef9c5aadd5b' of size 764 bytes with 1 envelopes.
2026-09-11 16:03:39,000 [canton-env-ec-29] INFO  c.d.c.s.b.u.BlockChunkProcessor:sequencer=sequencer1/psid=mysynchronizer::122070a47a88::34-0 tid:8ab9cf897c9e29aed7642990d45c134f - Processing block 16, data chunk 0. Last chunk timestamp=2026-09-11T15:03:38.775242Z, last sequencer event timestamp=Some(2026-09-11T15:02:04.348595Z). 1 events:
  Send of '76ec15d2-0593-4130-a0c4-3ef9c5aadd5b' at 2026-09-11T15:03:38.948360Z (tc=8ab9cf897c9e29aed7642990d45c134f)
2026-09-11 16:03:39,018 [canton-env-ec-31] INFO  c.d.c.p.p.ParallelMessageDispatcher:participant=sandbox/psid=mysynchronizer::122070a47a88::34-0 tid:8ab9cf897c9e29aed7642990d45c134f - Processing event at sc=12, ts=2026-09-11T15:03:38.948360Z, messageId=76ec15d2-0593-4130-a0c4-3ef9c5aadd5b, with 0 envelopes
2026-09-11 16:03:39,019 [canton-env-ec-29] INFO  c.d.c.s.m.ConfirmationRequestAndResponseProcessor:mediator=mediator1/psid=mysynchronizer::122070a47a88::34-0 tid:8ab9cf897c9e29aed7642990d45c134f - Phase 5: Received 1 response(s) for request=2026-09-11T15:03:38.775242Z.
2026-09-11 16:03:39,022 [canton-env-ec-32] INFO  c.d.c.s.m.ConfirmationRequestAndResponseProcessor:mediator=mediator1/psid=mysynchronizer::122070a47a88::34-0 tid:8ab9cf897c9e29aed7642990d45c134f - Phase 6: Finalized request=RequestId(2026-09-11T15:03:38.775242Z) with verdict Approve
2026-09-11 16:03:39,032 [canton-env-ec-29] INFO  c.d.c.s.s.s.GrpcSequencerService:sequencer=sequencer1 tid:8ab9cf897c9e29aed7642990d45c134f - 'MED::mediator1::12205774a822...' sends request with id 'e4c629c1-e5a3-4e43-a997-179ea5626027' of size 713 bytes with 1 envelopes.
2026-09-11 16:03:39,119 [canton-env-ec-29] INFO  c.d.c.s.b.u.BlockChunkProcessor:sequencer=sequencer1/psid=mysynchronizer::122070a47a88::34-0 tid:8ab9cf897c9e29aed7642990d45c134f - Processing block 17, data chunk 0. Last chunk timestamp=2026-09-11T15:03:38.948360Z, last sequencer event timestamp=Some(2026-09-11T15:02:04.348595Z). 1 events:
  Send of 'e4c629c1-e5a3-4e43-a997-179ea5626027' at 2026-09-11T15:03:39.034305Z (tc=8ab9cf897c9e29aed7642990d45c134f)
2026-09-11 16:03:39,134 [canton-env-ec-64] INFO  c.d.c.p.p.ParallelMessageDispatcher:participant=sandbox/psid=mysynchronizer::122070a47a88::34-0 tid:8ab9cf897c9e29aed7642990d45c134f - Processing event at sc=13, ts=2026-09-11T15:03:39.034305Z, with 1 envelopes
  verdict=RequestId(2026-09-11T15:03:38.775242Z), type=TransactionViewType, is=Approve
2026-09-11 16:03:39,142 [input-mapping-pool-9] INFO  c.d.c.p.i.p.ParallelIndexerSubscription:participant=sandbox tid:8ab9cf897c9e29aed7642990d45c134f - Phase 7: Storing at offset=26 SequencedTransactionAccepted(
  recordTime = 2026-09-11T15:03:38.775242Z,
  updateId = 1220fa93ce56a2537a50fb58ed9e79ebd5a2d66950c58406d9380231a32c844747b0,
  transactionMeta = TransactionMeta(ledgerEffectiveTime = 2026-09-11T15:03:38.708952Z, preparationTime = 2026-09-11T15:03:38.708952Z, timeBoundaries = LedgerTimeBoundaries(constrained = true), ...),
  completion = CompletionInfo(
    actAs = ballast-manager::122038b10468..., ballast-vault::122038b10468...,
    commandId = ballast-Mandate-1789139018677,
    userId = participant_admin,
    deduplication period = (offset=None),
    submissionId = Some(018498bd-25b1-4c04-bcf4-fe4b9c8af473),
    ...
  ),
  nodes = 1,
  roots = 1,
  ...
)
2026-09-11 16:03:39,154 [canton-env-ec-30] INFO  c.d.c.p.a.s.ApiUpdateService:participant=sandbox - Received request for update by ID, updateFormat -> {transaction format: [{filters: {ballast-manager::122038b104682a36574185fc89869151cd5ec99ef7962f2eadbce8dda1e389167878: {templates: [], interfaces: [], all-templates, created_event_blob: false}, ballast-vault::122038b104682a36574185fc89869151cd5ec99ef7962f2eadbce8dda1e389167878: {templates: [], interfaces: [], all-templates, created_event_blob: false}}, transactionShape: 'AcsDelta'}], reassignment filters: [], topology format: []}.
2026-09-11 16:03:39,185 [canton-env-ec-31] INFO  c.d.c.p.a.s.c.CommandSubmissionServiceImpl:participant=sandbox tid:63c9dc5ed6e13e500a03d7f317a0f2fb - Phase 1 started: Submitting 1 command(s) for interpretation on behalf of Seq(ballast-manager::122038b10468..., ballast-vault::122038b10468...).
2026-09-11 16:03:39,227 [canton-env-ec-31] INFO  c.d.c.p.p.TransactionProcessor:participant=sandbox/psid=mysynchronizer::122070a47a88::34-0 tid:63c9dc5ed6e13e500a03d7f317a0f2fb - Phase 1 completed: Submitting 3 envelopes for Transaction request, submitters Seq(ballast-manager::122038b10468..., ballast-vault::122038b10468...), command-id ballast-MandateBounds-1789139019168
2026-09-11 16:03:39,234 [canton-env-ec-64] INFO  c.d.c.s.s.s.GrpcSequencerService:sequencer=sequencer1 tid:63c9dc5ed6e13e500a03d7f317a0f2fb - 'PAR::sandbox::122038b10468...' sends request with id 'f6c33194-894d-4aa7-ac59-ab026312c079' of size 2703 bytes with 3 envelopes.
2026-09-11 16:03:39,360 [canton-env-ec-31] INFO  c.d.c.s.b.u.BlockChunkProcessor:sequencer=sequencer1/psid=mysynchronizer::122070a47a88::34-0 tid:63c9dc5ed6e13e500a03d7f317a0f2fb - Processing block 18, data chunk 0. Last chunk timestamp=2026-09-11T15:03:39.034305Z, last sequencer event timestamp=Some(2026-09-11T15:02:04.348595Z). 1 events:
  Send of 'f6c33194-894d-4aa7-ac59-ab026312c079' at 2026-09-11T15:03:39.236710Z (tc=63c9dc5ed6e13e500a03d7f317a0f2fb)
2026-09-11 16:03:39,381 [canton-env-ec-31] INFO  c.d.c.p.p.ParallelMessageDispatcher:participant=sandbox/psid=mysynchronizer::122070a47a88::34-0 tid:63c9dc5ed6e13e500a03d7f317a0f2fb - Processing event at sc=14, ts=2026-09-11T15:03:39.236710Z, messageId=f6c33194-894d-4aa7-ac59-ab026312c079, with 2 envelopes
  root-hash=SHA-256:33d3ebb790b4...
  enc-view=ViewHash(SHA-256:00fe8eaac033...),rcp=1, sz=1203Some(, with sig)
2026-09-11 16:03:39,382 [canton-env-ec-32] INFO  c.d.c.p.p.TransactionProcessor:participant=sandbox/psid=mysynchronizer::122070a47a88::34-0 tid:63c9dc5ed6e13e500a03d7f317a0f2fb - Phase 3: Validating Transaction request=2026-09-11T15:03:39.236710Z with 1 envelope(s)
2026-09-11 16:03:39,387 [canton-env-ec-31] INFO  c.d.c.s.m.ConfirmationRequestAndResponseProcessor:mediator=mediator1/psid=mysynchronizer::122070a47a88::34-0 tid:63c9dc5ed6e13e500a03d7f317a0f2fb - Phase 2: Registered request=2026-09-11T15:03:39.236710Z from submittingParticipant=PAR::sandbox::122038b10468... with 1 view(s).
2026-09-11 16:03:39,411 [canton-env-ec-31] INFO  c.d.c.p.p.TransactionProcessor:participant=sandbox/psid=mysynchronizer::122070a47a88::34-0 tid:63c9dc5ed6e13e500a03d7f317a0f2fb - Phase 4: Sending for request=2026-09-11T15:03:39.236710Z with msgId=a1f107bc-a53a-4028-9fa7-9a181ae5e0dd approved=1, rejected=0, abstained=0
2026-09-11 16:03:39,420 [canton-env-ec-32] INFO  c.d.c.s.s.s.GrpcSequencerService:sequencer=sequencer1 tid:63c9dc5ed6e13e500a03d7f317a0f2fb - 'PAR::sandbox::122038b10468...' sends request with id 'a1f107bc-a53a-4028-9fa7-9a181ae5e0dd' of size 767 bytes with 1 envelopes.
2026-09-11 16:03:39,479 [canton-env-ec-29] INFO  c.d.c.s.b.u.BlockChunkProcessor:sequencer=sequencer1/psid=mysynchronizer::122070a47a88::34-0 tid:63c9dc5ed6e13e500a03d7f317a0f2fb - Processing block 19, data chunk 0. Last chunk timestamp=2026-09-11T15:03:39.236710Z, last sequencer event timestamp=Some(2026-09-11T15:02:04.348595Z). 1 events:
  Send of 'a1f107bc-a53a-4028-9fa7-9a181ae5e0dd' at 2026-09-11T15:03:39.422002Z (tc=63c9dc5ed6e13e500a03d7f317a0f2fb)
2026-09-11 16:03:39,497 [canton-env-ec-30] INFO  c.d.c.p.p.ParallelMessageDispatcher:participant=sandbox/psid=mysynchronizer::122070a47a88::34-0 tid:63c9dc5ed6e13e500a03d7f317a0f2fb - Processing event at sc=15, ts=2026-09-11T15:03:39.422002Z, messageId=a1f107bc-a53a-4028-9fa7-9a181ae5e0dd, with 0 envelopes
2026-09-11 16:03:39,500 [canton-env-ec-31] INFO  c.d.c.s.m.ConfirmationRequestAndResponseProcessor:mediator=mediator1/psid=mysynchronizer::122070a47a88::34-0 tid:63c9dc5ed6e13e500a03d7f317a0f2fb - Phase 5: Received 1 response(s) for request=2026-09-11T15:03:39.236710Z.
2026-09-11 16:03:39,503 [canton-env-ec-31] INFO  c.d.c.s.m.ConfirmationRequestAndResponseProcessor:mediator=mediator1/psid=mysynchronizer::122070a47a88::34-0 tid:63c9dc5ed6e13e500a03d7f317a0f2fb - Phase 6: Finalized request=RequestId(2026-09-11T15:03:39.236710Z) with verdict Approve
2026-09-11 16:03:39,520 [canton-env-ec-32] INFO  c.d.c.s.s.s.GrpcSequencerService:sequencer=sequencer1 tid:63c9dc5ed6e13e500a03d7f317a0f2fb - 'MED::mediator1::12205774a822...' sends request with id '6b9a6833-8b0e-4582-aafe-14d68956281d' of size 714 bytes with 1 envelopes.
2026-09-11 16:03:39,599 [canton-env-ec-32] INFO  c.d.c.s.b.u.BlockChunkProcessor:sequencer=sequencer1/psid=mysynchronizer::122070a47a88::34-0 tid:63c9dc5ed6e13e500a03d7f317a0f2fb - Processing block 20, data chunk 0. Last chunk timestamp=2026-09-11T15:03:39.422002Z, last sequencer event timestamp=Some(2026-09-11T15:02:04.348595Z). 1 events:
  Send of '6b9a6833-8b0e-4582-aafe-14d68956281d' at 2026-09-11T15:03:39.522731Z (tc=63c9dc5ed6e13e500a03d7f317a0f2fb)
2026-09-11 16:03:39,619 [canton-env-ec-31] INFO  c.d.c.p.p.ParallelMessageDispatcher:participant=sandbox/psid=mysynchronizer::122070a47a88::34-0 tid:63c9dc5ed6e13e500a03d7f317a0f2fb - Processing event at sc=16, ts=2026-09-11T15:03:39.522731Z, with 1 envelopes
  verdict=RequestId(2026-09-11T15:03:39.236710Z), type=TransactionViewType, is=Approve
2026-09-11 16:03:39,627 [input-mapping-pool-12] INFO  c.d.c.p.i.p.ParallelIndexerSubscription:participant=sandbox tid:63c9dc5ed6e13e500a03d7f317a0f2fb - Phase 7: Storing at offset=29 SequencedTransactionAccepted(
  recordTime = 2026-09-11T15:03:39.236710Z,
  updateId = 122033d3ebb790b404cfc100a9918dfa32f55047e1af41483345cc0fed7d3cc35f62,
  transactionMeta = TransactionMeta(ledgerEffectiveTime = 2026-09-11T15:03:39.184852Z, preparationTime = 2026-09-11T15:03:39.184852Z, timeBoundaries = LedgerTimeBoundaries(constrained = true), ...),
  completion = CompletionInfo(
    actAs = ballast-manager::122038b10468..., ballast-vault::122038b10468...,
    commandId = ballast-MandateBounds-1789139019168,
    userId = participant_admin,
    deduplication period = (offset=None),
    submissionId = Some(695a2eb8-c932-47ed-a123-24b41ecdc1af),
    ...
  ),
  nodes = 1,
  roots = 1,
  ...
)
2026-09-11 16:03:39,638 [canton-env-ec-31] INFO  c.d.c.p.a.s.ApiUpdateService:participant=sandbox - Received request for update by ID, updateFormat -> {transaction format: [{filters: {ballast-manager::122038b104682a36574185fc89869151cd5ec99ef7962f2eadbce8dda1e389167878: {templates: [], interfaces: [], all-templates, created_event_blob: false}, ballast-vault::122038b104682a36574185fc89869151cd5ec99ef7962f2eadbce8dda1e389167878: {templates: [], interfaces: [], all-templates, created_event_blob: false}}, transactionShape: 'AcsDelta'}], reassignment filters: [], topology format: []}.
2026-09-11 16:03:39,663 [canton-env-ec-30] INFO  c.d.c.p.a.s.c.CommandSubmissionServiceImpl:participant=sandbox tid:faf333c29016b389ee9d767664565d14 - Phase 1 started: Submitting 1 command(s) for interpretation on behalf of Seq(ballast-manager::122038b10468..., ballast-vault::122038b10468...).
2026-09-11 16:03:39,713 [canton-env-ec-32] INFO  c.d.c.p.p.TransactionProcessor:participant=sandbox/psid=mysynchronizer::122070a47a88::34-0 tid:faf333c29016b389ee9d767664565d14 - Phase 1 completed: Submitting 3 envelopes for Transaction request, submitters Seq(ballast-manager::122038b10468..., ballast-vault::122038b10468...), command-id ballast-UnitLedger-1789139019648
2026-09-11 16:03:39,723 [canton-env-ec-64] INFO  c.d.c.s.s.s.GrpcSequencerService:sequencer=sequencer1 tid:faf333c29016b389ee9d767664565d14 - 'PAR::sandbox::122038b10468...' sends request with id '8a7baa92-f855-4a11-b443-a9cfc7db2be8' of size 2561 bytes with 3 envelopes.
2026-09-11 16:03:39,840 [canton-env-ec-32] INFO  c.d.c.s.b.u.BlockChunkProcessor:sequencer=sequencer1/psid=mysynchronizer::122070a47a88::34-0 tid:faf333c29016b389ee9d767664565d14 - Processing block 21, data chunk 0. Last chunk timestamp=2026-09-11T15:03:39.522731Z, last sequencer event timestamp=Some(2026-09-11T15:02:04.348595Z). 1 events:
  Send of '8a7baa92-f855-4a11-b443-a9cfc7db2be8' at 2026-09-11T15:03:39.726151Z (tc=faf333c29016b389ee9d767664565d14)
2026-09-11 16:03:39,860 [canton-env-ec-31] INFO  c.d.c.p.p.ParallelMessageDispatcher:participant=sandbox/psid=mysynchronizer::122070a47a88::34-0 tid:faf333c29016b389ee9d767664565d14 - Processing event at sc=17, ts=2026-09-11T15:03:39.726151Z, messageId=8a7baa92-f855-4a11-b443-a9cfc7db2be8, with 2 envelopes
  root-hash=SHA-256:fcd849c6bf74...
  enc-view=ViewHash(SHA-256:2361da73e1ff...),rcp=1, sz=1083Some(, with sig)
2026-09-11 16:03:39,861 [canton-env-ec-31] INFO  c.d.c.p.p.TransactionProcessor:participant=sandbox/psid=mysynchronizer::122070a47a88::34-0 tid:faf333c29016b389ee9d767664565d14 - Phase 3: Validating Transaction request=2026-09-11T15:03:39.726151Z with 1 envelope(s)
2026-09-11 16:03:39,873 [canton-env-ec-31] INFO  c.d.c.s.m.ConfirmationRequestAndResponseProcessor:mediator=mediator1/psid=mysynchronizer::122070a47a88::34-0 tid:faf333c29016b389ee9d767664565d14 - Phase 2: Registered request=2026-09-11T15:03:39.726151Z from submittingParticipant=PAR::sandbox::122038b10468... with 1 view(s).
2026-09-11 16:03:39,893 [canton-env-ec-30] INFO  c.d.c.p.p.TransactionProcessor:participant=sandbox/psid=mysynchronizer::122070a47a88::34-0 tid:faf333c29016b389ee9d767664565d14 - Phase 4: Sending for request=2026-09-11T15:03:39.726151Z with msgId=7a1f28d1-4d4e-4e0b-8c44-c87d5eb8c0de approved=1, rejected=0, abstained=0
2026-09-11 16:03:39,912 [canton-env-ec-31] INFO  c.d.c.s.s.s.GrpcSequencerService:sequencer=sequencer1 tid:faf333c29016b389ee9d767664565d14 - 'PAR::sandbox::122038b10468...' sends request with id '7a1f28d1-4d4e-4e0b-8c44-c87d5eb8c0de' of size 763 bytes with 1 envelopes.
2026-09-11 16:03:39,961 [canton-env-ec-31] INFO  c.d.c.s.b.u.BlockChunkProcessor:sequencer=sequencer1/psid=mysynchronizer::122070a47a88::34-0 tid:faf333c29016b389ee9d767664565d14 - Processing block 22, data chunk 0. Last chunk timestamp=2026-09-11T15:03:39.726151Z, last sequencer event timestamp=Some(2026-09-11T15:02:04.348595Z). 1 events:
  Send of '7a1f28d1-4d4e-4e0b-8c44-c87d5eb8c0de' at 2026-09-11T15:03:39.915100Z (tc=faf333c29016b389ee9d767664565d14)
2026-09-11 16:03:39,984 [canton-env-ec-30] INFO  c.d.c.p.p.ParallelMessageDispatcher:participant=sandbox/psid=mysynchronizer::122070a47a88::34-0 tid:faf333c29016b389ee9d767664565d14 - Processing event at sc=18, ts=2026-09-11T15:03:39.915100Z, messageId=7a1f28d1-4d4e-4e0b-8c44-c87d5eb8c0de, with 0 envelopes
2026-09-11 16:03:39,985 [canton-env-ec-30] INFO  c.d.c.s.m.ConfirmationRequestAndResponseProcessor:mediator=mediator1/psid=mysynchronizer::122070a47a88::34-0 tid:faf333c29016b389ee9d767664565d14 - Phase 5: Received 1 response(s) for request=2026-09-11T15:03:39.726151Z.
2026-09-11 16:03:39,989 [canton-env-ec-30] INFO  c.d.c.s.m.ConfirmationRequestAndResponseProcessor:mediator=mediator1/psid=mysynchronizer::122070a47a88::34-0 tid:faf333c29016b389ee9d767664565d14 - Phase 6: Finalized request=RequestId(2026-09-11T15:03:39.726151Z) with verdict Approve
2026-09-11 16:03:39,996 [canton-env-ec-31] INFO  c.d.c.s.s.s.GrpcSequencerService:sequencer=sequencer1 tid:faf333c29016b389ee9d767664565d14 - 'MED::mediator1::12205774a822...' sends request with id '591d2799-cd9c-4a0c-bd17-e1abaa8c4e99' of size 711 bytes with 1 envelopes.
2026-09-11 16:03:40,081 [canton-env-ec-64] INFO  c.d.c.s.b.u.BlockChunkProcessor:sequencer=sequencer1/psid=mysynchronizer::122070a47a88::34-0 tid:faf333c29016b389ee9d767664565d14 - Processing block 23, data chunk 0. Last chunk timestamp=2026-09-11T15:03:39.915100Z, last sequencer event timestamp=Some(2026-09-11T15:02:04.348595Z). 1 events:
  Send of '591d2799-cd9c-4a0c-bd17-e1abaa8c4e99' at 2026-09-11T15:03:39.998402Z (tc=faf333c29016b389ee9d767664565d14)
2026-09-11 16:03:40,096 [canton-env-ec-30] INFO  c.d.c.p.p.ParallelMessageDispatcher:participant=sandbox/psid=mysynchronizer::122070a47a88::34-0 tid:faf333c29016b389ee9d767664565d14 - Processing event at sc=19, ts=2026-09-11T15:03:39.998402Z, with 1 envelopes
  verdict=RequestId(2026-09-11T15:03:39.726151Z), type=TransactionViewType, is=Approve
2026-09-11 16:03:40,109 [input-mapping-pool-15] INFO  c.d.c.p.i.p.ParallelIndexerSubscription:participant=sandbox tid:faf333c29016b389ee9d767664565d14 - Phase 7: Storing at offset=32 SequencedTransactionAccepted(
  recordTime = 2026-09-11T15:03:39.726151Z,
  updateId = 1220fcd849c6bf741d8c19309f9d9a0f76c5b83a662fdcff560fe3997fff53f539e8,
  transactionMeta = TransactionMeta(ledgerEffectiveTime = 2026-09-11T15:03:39.662238Z, preparationTime = 2026-09-11T15:03:39.662238Z, timeBoundaries = LedgerTimeBoundaries(constrained = true), ...),
  completion = CompletionInfo(
    actAs = ballast-manager::122038b10468..., ballast-vault::122038b10468...,
    commandId = ballast-UnitLedger-1789139019648,
    userId = participant_admin,
    deduplication period = (offset=None),
    submissionId = Some(c5f08def-bcba-4d28-b32f-fd312f481edf),
    ...
  ),
  nodes = 1,
  roots = 1,
  ...
)
2026-09-11 16:03:40,122 [canton-env-ec-31] INFO  c.d.c.p.a.s.ApiUpdateService:participant=sandbox - Received request for update by ID, updateFormat -> {transaction format: [{filters: {ballast-manager::122038b104682a36574185fc89869151cd5ec99ef7962f2eadbce8dda1e389167878: {templates: [], interfaces: [], all-templates, created_event_blob: false}, ballast-vault::122038b104682a36574185fc89869151cd5ec99ef7962f2eadbce8dda1e389167878: {templates: [], interfaces: [], all-templates, created_event_blob: false}}, transactionShape: 'AcsDelta'}], reassignment filters: [], topology format: []}.
2026-09-11 16:03:40,142 [canton-env-ec-29] INFO  c.d.c.p.a.s.c.CommandSubmissionServiceImpl:participant=sandbox tid:f1f417c9e03ae916809b2758e94de508 - Phase 1 started: Submitting 1 command(s) for interpretation on behalf of Seq(ballast-manager::122038b10468..., ballast-vault::122038b10468...).
2026-09-11 16:03:40,180 [canton-env-ec-30] INFO  c.d.c.p.p.TransactionProcessor:participant=sandbox/psid=mysynchronizer::122070a47a88::34-0 tid:f1f417c9e03ae916809b2758e94de508 - Phase 1 completed: Submitting 3 envelopes for Transaction request, submitters Seq(ballast-manager::122038b10468..., ballast-vault::122038b10468...), command-id ballast-VaultIndex-1789139020127
2026-09-11 16:03:40,191 [canton-env-ec-29] INFO  c.d.c.s.s.s.GrpcSequencerService:sequencer=sequencer1 tid:f1f417c9e03ae916809b2758e94de508 - 'PAR::sandbox::122038b10468...' sends request with id '65040175-bcc5-4303-b690-3bfd56dee505' of size 2551 bytes with 3 envelopes.
2026-09-11 16:03:40,320 [canton-env-ec-64] INFO  c.d.c.s.b.u.BlockChunkProcessor:sequencer=sequencer1/psid=mysynchronizer::122070a47a88::34-0 tid:f1f417c9e03ae916809b2758e94de508 - Processing block 24, data chunk 0. Last chunk timestamp=2026-09-11T15:03:39.998402Z, last sequencer event timestamp=Some(2026-09-11T15:02:04.348595Z). 1 events:
  Send of '65040175-bcc5-4303-b690-3bfd56dee505' at 2026-09-11T15:03:40.192692Z (tc=f1f417c9e03ae916809b2758e94de508)
2026-09-11 16:03:40,332 [canton-env-ec-31] INFO  c.d.c.p.p.ParallelMessageDispatcher:participant=sandbox/psid=mysynchronizer::122070a47a88::34-0 tid:f1f417c9e03ae916809b2758e94de508 - Processing event at sc=20, ts=2026-09-11T15:03:40.192692Z, messageId=65040175-bcc5-4303-b690-3bfd56dee505, with 2 envelopes
  root-hash=SHA-256:419c33896996...
  enc-view=ViewHash(SHA-256:7a0ac50c22ea...),rcp=1, sz=1074Some(, with sig)
2026-09-11 16:03:40,340 [canton-env-ec-31] INFO  c.d.c.p.p.TransactionProcessor:participant=sandbox/psid=mysynchronizer::122070a47a88::34-0 tid:f1f417c9e03ae916809b2758e94de508 - Phase 3: Validating Transaction request=2026-09-11T15:03:40.192692Z with 1 envelope(s)
2026-09-11 16:03:40,346 [canton-env-ec-29] INFO  c.d.c.s.m.ConfirmationRequestAndResponseProcessor:mediator=mediator1/psid=mysynchronizer::122070a47a88::34-0 tid:f1f417c9e03ae916809b2758e94de508 - Phase 2: Registered request=2026-09-11T15:03:40.192692Z from submittingParticipant=PAR::sandbox::122038b10468... with 1 view(s).
2026-09-11 16:03:40,359 [canton-env-ec-31] INFO  c.d.c.p.p.TransactionProcessor:participant=sandbox/psid=mysynchronizer::122070a47a88::34-0 tid:f1f417c9e03ae916809b2758e94de508 - Phase 4: Sending for request=2026-09-11T15:03:40.192692Z with msgId=e4e217d6-34d2-4e66-b298-58165bbf8e29 approved=1, rejected=0, abstained=0
2026-09-11 16:03:40,371 [canton-env-ec-31] INFO  c.d.c.s.s.s.GrpcSequencerService:sequencer=sequencer1 tid:f1f417c9e03ae916809b2758e94de508 - 'PAR::sandbox::122038b10468...' sends request with id 'e4e217d6-34d2-4e66-b298-58165bbf8e29' of size 768 bytes with 1 envelopes.
2026-09-11 16:03:40,442 [canton-env-ec-32] INFO  c.d.c.s.b.u.BlockChunkProcessor:sequencer=sequencer1/psid=mysynchronizer::122070a47a88::34-0 tid:f1f417c9e03ae916809b2758e94de508 - Processing block 25, data chunk 0. Last chunk timestamp=2026-09-11T15:03:40.192692Z, last sequencer event timestamp=Some(2026-09-11T15:02:04.348595Z). 1 events:
  Send of 'e4e217d6-34d2-4e66-b298-58165bbf8e29' at 2026-09-11T15:03:40.373528Z (tc=f1f417c9e03ae916809b2758e94de508)
2026-09-11 16:03:40,457 [canton-env-ec-64] INFO  c.d.c.p.p.ParallelMessageDispatcher:participant=sandbox/psid=mysynchronizer::122070a47a88::34-0 tid:f1f417c9e03ae916809b2758e94de508 - Processing event at sc=21, ts=2026-09-11T15:03:40.373528Z, messageId=e4e217d6-34d2-4e66-b298-58165bbf8e29, with 0 envelopes
2026-09-11 16:03:40,457 [canton-env-ec-30] INFO  c.d.c.s.m.ConfirmationRequestAndResponseProcessor:mediator=mediator1/psid=mysynchronizer::122070a47a88::34-0 tid:f1f417c9e03ae916809b2758e94de508 - Phase 5: Received 1 response(s) for request=2026-09-11T15:03:40.192692Z.
2026-09-11 16:03:40,460 [canton-env-ec-32] INFO  c.d.c.s.m.ConfirmationRequestAndResponseProcessor:mediator=mediator1/psid=mysynchronizer::122070a47a88::34-0 tid:f1f417c9e03ae916809b2758e94de508 - Phase 6: Finalized request=RequestId(2026-09-11T15:03:40.192692Z) with verdict Approve
2026-09-11 16:03:40,470 [canton-env-ec-32] INFO  c.d.c.s.s.s.GrpcSequencerService:sequencer=sequencer1 tid:f1f417c9e03ae916809b2758e94de508 - 'MED::mediator1::12205774a822...' sends request with id '5c48409e-37bc-4229-aa28-1275fecfe8ff' of size 714 bytes with 1 envelopes.
2026-09-11 16:03:40,559 [canton-env-ec-32] INFO  c.d.c.s.b.u.BlockChunkProcessor:sequencer=sequencer1/psid=mysynchronizer::122070a47a88::34-0 tid:f1f417c9e03ae916809b2758e94de508 - Processing block 26, data chunk 0. Last chunk timestamp=2026-09-11T15:03:40.373528Z, last sequencer event timestamp=Some(2026-09-11T15:02:04.348595Z). 1 events:
  Send of '5c48409e-37bc-4229-aa28-1275fecfe8ff' at 2026-09-11T15:03:40.472426Z (tc=f1f417c9e03ae916809b2758e94de508)
2026-09-11 16:03:40,581 [canton-env-ec-29] INFO  c.d.c.p.p.ParallelMessageDispatcher:participant=sandbox/psid=mysynchronizer::122070a47a88::34-0 tid:f1f417c9e03ae916809b2758e94de508 - Processing event at sc=22, ts=2026-09-11T15:03:40.472426Z, with 1 envelopes
  verdict=RequestId(2026-09-11T15:03:40.192692Z), type=TransactionViewType, is=Approve
2026-09-11 16:03:40,588 [input-mapping-pool-1] INFO  c.d.c.p.i.p.ParallelIndexerSubscription:participant=sandbox tid:f1f417c9e03ae916809b2758e94de508 - Phase 7: Storing at offset=35 SequencedTransactionAccepted(
  recordTime = 2026-09-11T15:03:40.192692Z,
  updateId = 1220419c33896996c3f00881da0fd063ea2cdebbda1cdfbb9fd0be0fc869fee17730,
  transactionMeta = TransactionMeta(ledgerEffectiveTime = 2026-09-11T15:03:40.141611Z, preparationTime = 2026-09-11T15:03:40.141611Z, timeBoundaries = LedgerTimeBoundaries(constrained = true), ...),
  completion = CompletionInfo(
    actAs = ballast-manager::122038b10468..., ballast-vault::122038b10468...,
    commandId = ballast-VaultIndex-1789139020127,
    userId = participant_admin,
    deduplication period = (offset=None),
    submissionId = Some(ac4a0ce9-45af-4e03-9a82-2433082cfe90),
    ...
  ),
  nodes = 1,
  roots = 1,
  ...
)
2026-09-11 16:03:40,598 [canton-env-ec-31] INFO  c.d.c.p.a.s.ApiUpdateService:participant=sandbox - Received request for update by ID, updateFormat -> {transaction format: [{filters: {ballast-manager::122038b104682a36574185fc89869151cd5ec99ef7962f2eadbce8dda1e389167878: {templates: [], interfaces: [], all-templates, created_event_blob: false}, ballast-vault::122038b104682a36574185fc89869151cd5ec99ef7962f2eadbce8dda1e389167878: {templates: [], interfaces: [], all-templates, created_event_blob: false}}, transactionShape: 'AcsDelta'}], reassignment filters: [], topology format: []}.
2026-09-11 16:03:40,625 [canton-env-ec-32] INFO  c.d.c.p.a.s.c.CommandSubmissionServiceImpl:participant=sandbox tid:f76831941d655a7c81a2a861212249ec - Phase 1 started: Submitting 1 command(s) for interpretation on behalf of ballast-oracle::122038b10468....
2026-09-11 16:03:40,655 [canton-env-ec-30] INFO  c.d.c.p.p.TransactionProcessor:participant=sandbox/psid=mysynchronizer::122070a47a88::34-0 tid:f76831941d655a7c81a2a861212249ec - Phase 1 completed: Submitting 3 envelopes for Transaction request, submitters ballast-oracle::122038b10468..., command-id ballast-PriceSet-1789139020606
2026-09-11 16:03:40,665 [canton-env-ec-29] INFO  c.d.c.s.s.s.GrpcSequencerService:sequencer=sequencer1 tid:f76831941d655a7c81a2a861212249ec - 'PAR::sandbox::122038b10468...' sends request with id '3a6f0060-ecbe-41c5-951a-1587d64b63fc' of size 2656 bytes with 3 envelopes.
2026-09-11 16:03:40,799 [canton-env-ec-30] INFO  c.d.c.s.b.u.BlockChunkProcessor:sequencer=sequencer1/psid=mysynchronizer::122070a47a88::34-0 tid:f76831941d655a7c81a2a861212249ec - Processing block 27, data chunk 0. Last chunk timestamp=2026-09-11T15:03:40.472426Z, last sequencer event timestamp=Some(2026-09-11T15:02:04.348595Z). 1 events:
  Send of '3a6f0060-ecbe-41c5-951a-1587d64b63fc' at 2026-09-11T15:03:40.667789Z (tc=f76831941d655a7c81a2a861212249ec)
2026-09-11 16:03:40,826 [canton-env-ec-32] INFO  c.d.c.p.p.ParallelMessageDispatcher:participant=sandbox/psid=mysynchronizer::122070a47a88::34-0 tid:f76831941d655a7c81a2a861212249ec - Processing event at sc=23, ts=2026-09-11T15:03:40.667789Z, messageId=3a6f0060-ecbe-41c5-951a-1587d64b63fc, with 2 envelopes
  root-hash=SHA-256:033d8f4b2943...
  enc-view=ViewHash(SHA-256:0857b7b790b4...),rcp=1, sz=1163Some(, with sig)
2026-09-11 16:03:40,827 [canton-env-ec-29] INFO  c.d.c.p.p.TransactionProcessor:participant=sandbox/psid=mysynchronizer::122070a47a88::34-0 tid:f76831941d655a7c81a2a861212249ec - Phase 3: Validating Transaction request=2026-09-11T15:03:40.667789Z with 1 envelope(s)
2026-09-11 16:03:40,831 [canton-env-ec-31] INFO  c.d.c.s.m.ConfirmationRequestAndResponseProcessor:mediator=mediator1/psid=mysynchronizer::122070a47a88::34-0 tid:f76831941d655a7c81a2a861212249ec - Phase 2: Registered request=2026-09-11T15:03:40.667789Z from submittingParticipant=PAR::sandbox::122038b10468... with 1 view(s).
2026-09-11 16:03:40,864 [canton-env-ec-31] INFO  c.d.c.p.p.TransactionProcessor:participant=sandbox/psid=mysynchronizer::122070a47a88::34-0 tid:f76831941d655a7c81a2a861212249ec - Phase 4: Sending for request=2026-09-11T15:03:40.667789Z with msgId=fd13b5fe-2aef-4941-941e-e1ad88480f89 approved=1, rejected=0, abstained=0
2026-09-11 16:03:40,874 [canton-env-ec-29] INFO  c.d.c.s.s.s.GrpcSequencerService:sequencer=sequencer1 tid:f76831941d655a7c81a2a861212249ec - 'PAR::sandbox::122038b10468...' sends request with id 'fd13b5fe-2aef-4941-941e-e1ad88480f89' of size 750 bytes with 1 envelopes.
2026-09-11 16:03:40,919 [canton-env-ec-29] INFO  c.d.c.s.b.u.BlockChunkProcessor:sequencer=sequencer1/psid=mysynchronizer::122070a47a88::34-0 tid:f76831941d655a7c81a2a861212249ec - Processing block 28, data chunk 0. Last chunk timestamp=2026-09-11T15:03:40.667789Z, last sequencer event timestamp=Some(2026-09-11T15:02:04.348595Z). 1 events:
  Send of 'fd13b5fe-2aef-4941-941e-e1ad88480f89' at 2026-09-11T15:03:40.876679Z (tc=f76831941d655a7c81a2a861212249ec)
2026-09-11 16:03:40,939 [canton-env-ec-32] INFO  c.d.c.s.m.ConfirmationRequestAndResponseProcessor:mediator=mediator1/psid=mysynchronizer::122070a47a88::34-0 tid:f76831941d655a7c81a2a861212249ec - Phase 5: Received 1 response(s) for request=2026-09-11T15:03:40.667789Z.
2026-09-11 16:03:40,939 [canton-env-ec-31] INFO  c.d.c.p.p.ParallelMessageDispatcher:participant=sandbox/psid=mysynchronizer::122070a47a88::34-0 tid:f76831941d655a7c81a2a861212249ec - Processing event at sc=24, ts=2026-09-11T15:03:40.876679Z, messageId=fd13b5fe-2aef-4941-941e-e1ad88480f89, with 0 envelopes
2026-09-11 16:03:40,942 [canton-env-ec-30] INFO  c.d.c.s.m.ConfirmationRequestAndResponseProcessor:mediator=mediator1/psid=mysynchronizer::122070a47a88::34-0 tid:f76831941d655a7c81a2a861212249ec - Phase 6: Finalized request=RequestId(2026-09-11T15:03:40.667789Z) with verdict Approve
2026-09-11 16:03:40,958 [canton-env-ec-30] INFO  c.d.c.s.s.s.GrpcSequencerService:sequencer=sequencer1 tid:f76831941d655a7c81a2a861212249ec - 'MED::mediator1::12205774a822...' sends request with id '0ab60cb8-06ef-4463-9741-ba99f9f961ab' of size 712 bytes with 1 envelopes.
2026-09-11 16:03:41,041 [canton-env-ec-31] INFO  c.d.c.s.b.u.BlockChunkProcessor:sequencer=sequencer1/psid=mysynchronizer::122070a47a88::34-0 tid:f76831941d655a7c81a2a861212249ec - Processing block 29, data chunk 0. Last chunk timestamp=2026-09-11T15:03:40.876679Z, last sequencer event timestamp=Some(2026-09-11T15:02:04.348595Z). 1 events:
  Send of '0ab60cb8-06ef-4463-9741-ba99f9f961ab' at 2026-09-11T15:03:40.961961Z (tc=f76831941d655a7c81a2a861212249ec)
2026-09-11 16:03:41,057 [canton-env-ec-31] INFO  c.d.c.p.p.ParallelMessageDispatcher:participant=sandbox/psid=mysynchronizer::122070a47a88::34-0 tid:f76831941d655a7c81a2a861212249ec - Processing event at sc=25, ts=2026-09-11T15:03:40.961961Z, with 1 envelopes
  verdict=RequestId(2026-09-11T15:03:40.667789Z), type=TransactionViewType, is=Approve
2026-09-11 16:03:41,072 [input-mapping-pool-4] INFO  c.d.c.p.i.p.ParallelIndexerSubscription:participant=sandbox tid:f76831941d655a7c81a2a861212249ec - Phase 7: Storing at offset=38 SequencedTransactionAccepted(
  recordTime = 2026-09-11T15:03:40.667789Z,
  updateId = 1220033d8f4b2943f1960253f1e2c6080e68cf9780d7d81fa065c244a48997751df0,
  transactionMeta = TransactionMeta(ledgerEffectiveTime = 2026-09-11T15:03:40.625094Z, preparationTime = 2026-09-11T15:03:40.625094Z, timeBoundaries = LedgerTimeBoundaries(constrained = true), ...),
  completion = CompletionInfo(
    actAs = ballast-oracle::122038b10468...,
    commandId = ballast-PriceSet-1789139020606,
    userId = participant_admin,
    deduplication period = (offset=None),
    submissionId = Some(062d0cd4-6469-4dc1-b294-0b063efe61d7),
    ...
  ),
  nodes = 1,
  roots = 1,
  ...
)
2026-09-11 16:03:41,087 [canton-env-ec-31] INFO  c.d.c.p.a.s.ApiUpdateService:participant=sandbox - Received request for update by ID, updateFormat -> {transaction format: [{filters: {ballast-oracle::122038b104682a36574185fc89869151cd5ec99ef7962f2eadbce8dda1e389167878: {templates: [], interfaces: [], all-templates, created_event_blob: false}}, transactionShape: 'AcsDelta'}], reassignment filters: [], topology format: []}.
2026-09-11 16:03:47,280 [canton-env-ec-31] INFO  c.d.c.s.b.u.BlockChunkProcessor:sequencer=sequencer1/psid=mysynchronizer::122070a47a88::34-0 tid:8d6a20cc976337579af66ade7d2cf23c - Processing block 30, data chunk 0. Last chunk timestamp=2026-09-11T15:03:40.961961Z, last sequencer event timestamp=Some(2026-09-11T15:02:04.348595Z). 1 events:
  Ack by MED::mediator1::12205774a822... for 2026-09-11T15:03:40.961961Z
2026-09-11 16:03:49,550 [canton-env-ec-29] INFO  c.d.c.s.b.u.BlockChunkProcessor:sequencer=sequencer1/psid=mysynchronizer::122070a47a88::34-0 tid:32ecce8ef352a2fd85f376b9838eaeec - Processing block 31, data chunk 0. Last chunk timestamp=2026-09-11T15:03:40.961961Z, last sequencer event timestamp=Some(2026-09-11T15:02:04.348595Z). 1 events:
  Ack by PAR::sandbox::122038b10468... for 2026-09-11T15:03:40.961961Z
2026-09-11 16:03:50,635 [canton-env-ec-30] INFO  c.d.c.p.a.s.a.ApiPartyManagementService:participant=sandbox tid:f2494c821910370ae5057df4c4cf0361 - Listing known parties.
2026-09-11 16:03:50,724 [canton-env-ec-30] INFO  c.d.c.p.a.s.ApiStateService:participant=sandbox tid:1ea0d1f70adcabd65ba424617a34e1b4 - Received request for active contracts: GetActiveContractsRequest(40,Some(EventFormat(Map(ballast-manager::122038b104682a36574185fc89869151cd5ec99ef7962f2eadbce8dda1e389167878 -> Filters(Vector())),None,false))), filters -> {ballast-manager::122038b104682a36574185fc89869151cd5ec99ef7962f2eadbce8dda1e389167878: {templates: [], interfaces: [], all-templates, created_event_blob: false}}.
2026-09-11 16:03:50,851 [canton-env-ec-30] INFO  c.d.c.p.a.s.ApiStateService:participant=sandbox tid:51af2adb3f1c3fbaf3924c5dbb904ede - Received request for active contracts: GetActiveContractsRequest(40,Some(EventFormat(Map(ballast-vault::122038b104682a36574185fc89869151cd5ec99ef7962f2eadbce8dda1e389167878 -> Filters(Vector())),None,false))), filters -> {ballast-vault::122038b104682a36574185fc89869151cd5ec99ef7962f2eadbce8dda1e389167878: {templates: [], interfaces: [], all-templates, created_event_blob: false}}.
2026-09-11 16:03:50,913 [canton-env-ec-32] INFO  c.d.c.p.a.s.ApiStateService:participant=sandbox tid:18410ebf10c75ad0989cc959e2e581e7 - Received request for active contracts: GetActiveContractsRequest(40,Some(EventFormat(Map(ballast-alice::122038b104682a36574185fc89869151cd5ec99ef7962f2eadbce8dda1e389167878 -> Filters(Vector())),None,false))), filters -> {ballast-alice::122038b104682a36574185fc89869151cd5ec99ef7962f2eadbce8dda1e389167878: {templates: [], interfaces: [], all-templates, created_event_blob: false}}.
2026-09-11 16:03:50,949 [canton-env-ec-64] INFO  c.d.c.p.a.s.ApiStateService:participant=sandbox tid:8068006971bab1bd9454936fc9ac4167 - Received request for active contracts: GetActiveContractsRequest(40,Some(EventFormat(Map(ballast-lp::122038b104682a36574185fc89869151cd5ec99ef7962f2eadbce8dda1e389167878 -> Filters(Vector())),None,false))), filters -> {ballast-lp::122038b104682a36574185fc89869151cd5ec99ef7962f2eadbce8dda1e389167878: {templates: [], interfaces: [], all-templates, created_event_blob: false}}.
2026-09-11 16:04:22,230 [daml.participant.api.index.db.threadpool.connection.api-server-0] INFO  c.d.c.l.l.PersistentUserManagementStore:participant=sandbox tid:232d3200a51c0068ba7a4dd2f2578ad4 - Revoked 1 user rights from user participant_admin: CanActAs(ballast-vault::122038b104682a36574185fc89869151cd5ec99ef7962f2eadbce8dda1e389167878), submissionId -> '650852ab-9fe4-4d70-b87e-338fc7b2beb3'.
2026-09-11 16:04:45,917 [canton-env-ec-32] INFO  c.d.c.p.a.s.a.ApiPartyManagementService:participant=sandbox tid:7753a6052909cc1f55048cf77881bcc9 - Listing known parties.
2026-09-11 16:29:22,805 [canton-env-ec-30] INFO  c.d.c.p.a.s.a.ApiPartyManagementService:participant=sandbox tid:3cfbc7a809418c8697b98f5d0dd57938 - Listing known parties.
2026-09-11 16:29:23,099 [canton-env-ec-29] INFO  c.d.c.p.a.s.ApiStateService:participant=sandbox tid:a6361d6b6b886df898b0342aff7178b6 - Received request for active contracts: GetActiveContractsRequest(40,Some(EventFormat(Map(ballast-alice::122038b104682a36574185fc89869151cd5ec99ef7962f2eadbce8dda1e389167878 -> Filters(Vector())),None,false))), filters -> {ballast-alice::122038b104682a36574185fc89869151cd5ec99ef7962f2eadbce8dda1e389167878: {templates: [], interfaces: [], all-templates, created_event_blob: false}}.
